Country,Cumulative_Cases,Date,Recovered,Deaths,,,,,
Germany,1,2003-03-17,0,0,,,,,
Canada,8,2003-03-17,0,2,,,,,
Singapore,20,2003-03-17,0,0,,,,,
Hong Kong Special Administrative Region of China,95,2003-03-17,0,1,,,,,
Switzerland,2,2003-03-17,0,0,,,,,
Thailand,1,2003-03-17,0,0,,,,,
Viet Nam,40,2003-03-17,0,1,,,,,
Total,167,2003-03-17,0,4,,,,,
Germany,2,2003-03-18,0,0,,,,,
Canada,8,2003-03-18,0,2,,,,,
Singapore,23,2003-03-18,0,0,,,,,
Hong Kong Special Administrative Region of China,123,2003-03-18,0,1,,,,,
"Taiwan, China",3,2003-03-18,0,0,,,,,
Thailand,1,2003-03-18,0,0,,,,,
Viet Nam,57,2003-03-18,0,1,,,,,
Slovenia,1,2003-03-18,0,0,,,,,
United Kingdom,1,2003-03-18,0,0,,,,,
Total,219,2003-03-18,0,4,,,,,
Canada,8,2003-03-19,0,2,,,,,
Germany,1,2003-03-19,0,0,,,,,
Hong Kong Special Administrative Region of China,150,2003-03-19,0,5,,,,,
Singapore,31,2003-03-19,0,0,,,,,
Slovenia,1,2003-03-19,0,0,,,,,
Spain,1,2003-03-19,0,0,,,,,
"Taiwan, China",3,2003-03-19,0,0,,,,,
Thailand,1,2003-03-19,0,0,,,,,
United Kingdom,1,2003-03-19,0,0,,,,,
United States,11,2003-03-19,0,0,,,,,
Viet Nam,56,2003-03-19,0,2,,,,,
Total,264,2003-03-19,0,9,,,,,
Canada,9,2003-03-20,0,2,,,,,
Germany,1,2003-03-20,0,0,,,,,
Hong Kong Special Administrative Region of China,173,2003-03-20,0,6,,,,,
Singapore,34,2003-03-20,0,0,,,,,
Slovenia,1,2003-03-20,0,0,,,,,
Spain,1,2003-03-20,0,0,,,,,
Switzerland,7,2003-03-20,0,0,,,,,
"Taiwan, China",4,2003-03-20,0,0,,,,,
Thailand,1,2003-03-20,0,0,,,,,
United Kingdom,2,2003-03-20,0,0,,,,,
United States,11,2003-03-20,0,0,,,,,
Viet Nam,62,2003-03-20,0,2,,,,,
Total,306,2003-03-20,0,10,,,,,
Canada,9,2003-03-21,0,2,,,,,
Germany,1,2003-03-21,0,0,,,,,
Hong Kong Special Administrative Region of China,203,2003-03-21,0,6,,,,,
Italy,1,2003-03-21,0,0,,,,,
Republic of Ireland,1,2003-03-21,0,0,,,,,
Singapore,39,2003-03-21,0,0,,,,,
Slovenia,1,2003-03-21,0,0,,,,,
Spain,1,2003-03-21,0,0,,,,,
Switzerland,7,2003-03-21,0,0,,,,,
"Taiwan, China",6,2003-03-21,0,0,,,,,
Thailand,4,2003-03-21,0,0,,,,,
United Kingdom,2,2003-03-21,0,0,,,,,
United States,13,2003-03-21,0,0,,,,,
Viet Nam,62,2003-03-21,0,2,,,,,
Total,350,2003-03-21,0,10,,,,,
Canada,9,2003-03-22,0,2,,,,,
Germany,2,2003-03-22,0,0,,,,,
Hong Kong Special Administrative Region of China,222,2003-03-22,0,7,,,,,
Italy,2,2003-03-22,0,0,,,,,
Republic of Ireland,1,2003-03-22,0,0,,,,,
Singapore,44,2003-03-22,0,0,,,,,
Slovenia,1,2003-03-22,0,0,,,,,
Spain,1,2003-03-22,0,0,,,,,
Switzerland,7,2003-03-22,0,0,,,,,
"Taiwan, China",6,2003-03-22,0,0,,,,,
Thailand,4,2003-03-22,0,0,,,,,
United Kingdom,2,2003-03-22,0,0,,,,,
United States,22,2003-03-22,0,0,,,,,
Viet Nam,63,2003-03-22,0,2,,,,,
Total,386,2003-03-22,0,11,,,,,
Canada,11,2003-03-24,0,3,,,,,
France,1,2003-03-24,0,0,,,,,
Germany,4,2003-03-24,0,0,,,,,
Hong Kong Special Administrative Region of China,260,2003-03-24,0,10,,,,,
Italy,2,2003-03-24,0,0,,,,,
Republic of Ireland,1,2003-03-24,0,0,,,,,
Singapore,65,2003-03-24,0,0,,,,,
Spain,1,2003-03-24,0,0,,,,,
Switzerland,2,2003-03-24,0,0,,,,,
"Taiwan, China",6,2003-03-24,0,0,,,,,
Thailand,5,2003-03-24,0,0,,,,,
United Kingdom,3,2003-03-24,0,0,,,,,
United States,37,2003-03-24,0,0,,,,,
Viet Nam,58,2003-03-24,0,4,,,,,
Total,456,2003-03-24,0,17,,,,,
Canada,11,2003-03-25,0,3,,,,,
France,1,2003-03-25,0,0,,,,,
Germany,4,2003-03-25,0,0,,,,,
Hong Kong Special Administrative Region of China,286,2003-03-25,0,10,,,,,
Italy,2,2003-03-25,0,0,,,,,
Republic of Ireland,1,2003-03-25,0,0,,,,,
Singapore,69,2003-03-25,0,0,,,,,
Switzerland,2,2003-03-25,0,0,,,,,
"Taiwan, China",6,2003-03-25,0,0,,,,,
Thailand,5,2003-03-25,0,0,,,,,
United Kingdom,3,2003-03-25,0,0,,,,,
United States,39,2003-03-25,0,0,,,,,
Viet Nam,58,2003-03-25,0,4,,,,,
Total,487,2003-03-25,0,17,,,,,
Canada,19,2003-03-26,0,3,,,,,
"China, Guangdong Province+",792,2003-03-26,0,31,,,,,
"China, Hong Kong Special Administrative Region",316,2003-03-26,0,10,,,,,
"China, Taiwan",6,2003-03-26,0,0,,,,,
France,1,2003-03-26,0,0,,,,,
Germany,4,2003-03-26,0,0,,,,,
Italy,3,2003-03-26,0,0,,,,,
Republic of Ireland,2,2003-03-26,0,0,,,,,
Singapore,74,2003-03-26,0,1,,,,,
Switzerland,2,2003-03-26,0,0,,,,,
Thailand,3,2003-03-26,0,0,,,,,
United Kingdom,3,2003-03-26,0,0,,,,,
United States,40,2003-03-26,0,0,,,,,
Viet Nam,58,2003-03-26,0,4,,,,,
Total,1323,2003-03-26,0,49,,,,,
Canada,28,2003-03-27,0,3,,,,,
China,806,2003-03-27,0,34,,,,,
"China, Hong Kong Special Administrative Region",367,2003-03-27,0,10,,,,,
"China, Taiwan",6,2003-03-27,0,0,,,,,
France,1,2003-03-27,0,0,,,,,
Germany,4,2003-03-27,0,0,,,,,
Italy,2,2003-03-27,0,0,,,,,
Republic of Ireland,2,2003-03-27,0,0,,,,,
Romania,3,2003-03-27,0,0,,,,,
Singapore,78,2003-03-27,0,2,,,,,
Switzerland,2,2003-03-27,0,0,,,,,
Thailand,3,2003-03-27,0,0,,,,,
United Kingdom,3,2003-03-27,0,0,,,,,
United States,45,2003-03-27,0,0,,,,,
Viet Nam,58,2003-03-27,0,4,,,,,
Total,1408,2003-03-27,0,53,,,,,
Canada,29,2003-03-28,0,3,,,,,
China,806,2003-03-28,0,34,,,,,
"China, Hong Kong Special Administrative Region",425,2003-03-28,0,10,,,,,
"China, Taiwan",10,2003-03-28,0,0,,,,,
France,1,2003-03-28,0,0,,,,,
Germany,4,2003-03-28,0,0,,,,,
Italy,2,2003-03-28,0,0,,,,,
Republic of Ireland,2,2003-03-28,0,0,,,,,
Romania,3,2003-03-28,0,0,,,,,
Singapore,86,2003-03-28,0,2,,,,,
Switzerland,2,2003-03-28,0,0,,,,,
Thailand,3,2003-03-28,0,0,,,,,
United Kingdom,3,2003-03-28,0,0,,,,,
United States,51,2003-03-28,0,0,,,,,
Viet Nam,58,2003-03-28,0,4,,,,,
Total,1485,2003-03-28,0,53,,,,,
Canada,37,2003-03-29,0,3,,,,,
China,806,2003-03-29,0,34,,,,,
"China, Hong Kong Special Administrative Region",470,2003-03-29,0,10,,,,,
"China, Taiwan",10,2003-03-29,0,0,,,,,
France,1,2003-03-29,0,0,,,,,
Germany,4,2003-03-29,0,0,,,,,
Italy,2,2003-03-29,0,0,,,,,
Republic of Ireland,2,2003-03-29,0,0,,,,,
Romania,3,2003-03-29,0,0,,,,,
Singapore,89,2003-03-29,0,2,,,,,
Switzerland,3,2003-03-29,0,0,,,,,
Thailand,3,2003-03-29,0,1,,,,,
United Kingdom,3,2003-03-29,0,0,,,,,
United States,59,2003-03-29,0,0,,,,,
Viet Nam,58,2003-03-29,0,4,,,,,
Total,1550,2003-03-29,0,54,,,,,
Canada,44,2003-03-31,0,4,,,,,
China,806,2003-03-31,0,34,,,,,
"China, Hong Kong Special Administrative Region",530,2003-03-31,0,13,,,,,
"China, Taiwan",10,2003-03-31,0,0,,,,,
France,1,2003-03-31,0,0,,,,,
Germany,5,2003-03-31,0,0,,,,,
Italy,2,2003-03-31,0,0,,,,,
Republic of Ireland,2,2003-03-31,0,0,,,,,
Romania,3,2003-03-31,0,0,,,,,
Singapore,91,2003-03-31,0,2,,,,,
Switzerland,3,2003-03-31,0,0,,,,,
Thailand,5,2003-03-31,0,1,,,,,
United Kingdom,3,2003-03-31,0,0,,,,,
United States,59,2003-03-31,0,0,,,,,
Viet Nam,58,2003-03-31,0,4,,,,,
Total,1622,2003-03-31,0,58,,,,,
Australia,1,2003-04-01,0,0,,,,,
Belgium,1,2003-04-01,0,0,,,,,
Canada,53,2003-04-01,0,4,,,,,
China,806,2003-04-01,0,34,,,,,
"China, Hong Kong Special Administrative Region",685,2003-04-01,0,16,,,,,
"China, Taiwan",13,2003-04-01,0,0,,,,,
France,1,2003-04-01,0,0,,,,,
Germany,5,2003-04-01,0,0,,,,,
Italy,3,2003-04-01,0,0,,,,,
Republic of Ireland,2,2003-04-01,0,0,,,,,
Romania,3,2003-04-01,0,0,,,,,
Singapore,92,2003-04-01,0,3,,,,,
Switzerland,3,2003-04-01,0,0,,,,,
Thailand,6,2003-04-01,0,1,,,,,
United Kingdom,3,2003-04-01,0,0,,,,,
United States,69,2003-04-01,0,0,,,,,
Viet Nam,58,2003-04-01,0,4,,,,,
Total,1804,2003-04-01,0,62,,,,,
Australia,1,2003-04-02,0,0,,,,,
Belgium,1,2003-04-02,0,0,,,,,
Canada,58,2003-04-02,0,6,,,,,
China,1190,2003-04-02,0,46,,,,,
"China, Hong Kong Special Administrative Region",708,2003-04-02,0,16,,,,,
"China, Taiwan",13,2003-04-02,0,0,,,,,
France,1,2003-04-02,0,0,,,,,
Germany,5,2003-04-02,0,0,,,,,
Italy,3,2003-04-02,0,0,,,,,
Republic of Ireland,2,2003-04-02,0,0,,,,,
Romania,3,2003-04-02,0,0,,,,,
Singapore,95,2003-04-02,0,4,,,,,
Spain,1,2003-04-02,0,0,,,,,
Switzerland,2,2003-04-02,0,0,,,,,
Thailand,7,2003-04-02,0,2,,,,,
United Kingdom,3,2003-04-02,0,0,,,,,
United States,72,2003-04-02,0,0,,,,,
Viet Nam,58,2003-04-02,0,4,,,,,
Total,2223,2003-04-02,0,78,,,,,
Australia,1,2003-04-03,0,0,,,,,
Belgium,1,2003-04-03,0,0,,,,,
Brazil,1,2003-04-03,0,0,,,,,
Canada,62,2003-04-03,0,6,,,,,
China,1190,2003-04-03,0,46,,,,,
"China, Hong Kong Special Administrative Region",734,2003-04-03,0,17,,,,,
"China, Taiwan",14,2003-04-03,0,0,,,,,
France,3,2003-04-03,0,0,,,,,
Germany,5,2003-04-03,0,0,,,,,
Italy,3,2003-04-03,0,0,,,,,
Republic of Ireland,1,2003-04-03,0,0,,,,,
Romania,1,2003-04-03,0,0,,,,,
Singapore,98,2003-04-03,0,4,,,,,
Switzerland,2,2003-04-03,0,0,,,,,
Thailand,7,2003-04-03,0,2,,,,,
United Kingdom,3,2003-04-03,0,0,,,,,
United States,85,2003-04-03,0,0,,,,,
Viet Nam,59,2003-04-03,0,4,,,,,
Total,2270,2003-04-03,0,79,,,,,
Australia,1,2003-04-04,0,0,,,,,
Belgium,1,2003-04-04,0,0,,,,,
Brazil,1,2003-04-04,0,0,,,,,
Canada,69,2003-04-04,0,7,,,,,
China,1220,2003-04-04,0,49,,,,,
"China, Hong Kong Special Administrative Region",761,2003-04-04,0,17,,,,,
"China, Taiwan",15,2003-04-04,0,0,,,,,
France,3,2003-04-04,0,0,,,,,
Germany,5,2003-04-04,0,0,,,,,
Italy,3,2003-04-04,0,0,,,,,
Republic of Ireland,1,2003-04-04,0,0,,,,,
Romania,1,2003-04-04,0,0,,,,,
Singapore,100,2003-04-04,0,5,,,,,
Spain,1,2003-04-04,0,0,,,,,
Switzerland,2,2003-04-04,0,0,,,,,
Thailand,7,2003-04-04,0,2,,,,,
United Kingdom,3,2003-04-04,0,0,,,,,
United States,100,2003-04-04,0,0,,,,,
Viet Nam,59,2003-04-04,0,4,,,,,
Total,2353,2003-04-04,0,84,,,,,
Australia,1,2003-04-05,0,0,,,,,
Belgium,1,2003-04-05,0,0,,,,,
Brazil,1,2003-04-05,0,0,,,,,
Canada,74,2003-04-05,0,7,,,,,
China,1220,2003-04-05,0,49,,,,,
"China, Hong Kong Special Administrative Region",800,2003-04-05,0,20,,,,,
"China, Taiwan",17,2003-04-05,0,0,,,,,
France,3,2003-04-05,0,0,,,,,
Germany,5,2003-04-05,0,0,,,,,
Italy,3,2003-04-05,0,0,,,,,
Malaysia,1,2003-04-05,0,1,,,,,
Republic of Ireland,1,2003-04-05,0,0,,,,,
Romania,1,2003-04-05,0,0,,,,,
Singapore,101,2003-04-05,0,6,,,,,
Spain,1,2003-04-05,0,0,,,,,
Switzerland,1,2003-04-05,0,0,,,,,
Thailand,7,2003-04-05,0,2,,,,,
United Kingdom,4,2003-04-05,0,0,,,,,
United States,115,2003-04-05,0,0,,,,,
Viet Nam,59,2003-04-05,0,4,,,,,
Total,2416,2003-04-05,0,89,,,,,
Australia,1,2003-04-07,0,0,,,,,
Brazil,1,2003-04-07,0,0,,,,,
Canada,90,2003-04-07,0,9,,,,,
China,1268,2003-04-07,0,53,,,,,
"China, Hong Kong Special Administrative Region",883,2003-04-07,0,23,,,,,
"China, Taiwan",21,2003-04-07,0,0,,,,,
France,3,2003-04-07,0,0,,,,,
Germany,5,2003-04-07,0,0,,,,,
Italy,3,2003-04-07,0,0,,,,,
Malaysia,1,2003-04-07,0,1,,,,,
Republic of Ireland,1,2003-04-07,0,0,,,,,
Romania,1,2003-04-07,0,0,,,,,
Singapore,106,2003-04-07,0,6,,,,,
Spain,1,2003-04-07,0,0,,,,,
Switzerland,1,2003-04-07,0,0,,,,,
Thailand,7,2003-04-07,0,2,,,,,
United Kingdom,5,2003-04-07,0,0,,,,,
United States,141,2003-04-07,0,0,,,,,
Viet Nam,62,2003-04-07,0,4,,,,,
Total,2601,2003-04-07,0,98,,,,,
Australia,1,2003-04-08,0,0,,,,,
Brazil,1,2003-04-08,0,0,,,,,
Canada,91,2003-04-08,0,10,,,,,
China,1279,2003-04-08,0,53,,,,,
"China, Hong Kong Special Administrative Region",928,2003-04-08,0,25,,,,,
"China, Taiwan",19,2003-04-08,0,0,,,,,
France,4,2003-04-08,0,0,,,,,
Germany,5,2003-04-08,0,0,,,,,
Italy,3,2003-04-08,0,0,,,,,
Malaysia,1,2003-04-08,0,1,,,,,
Republic of Ireland,1,2003-04-08,0,0,,,,,
Romania,1,2003-04-08,0,0,,,,,
Singapore,113,2003-04-08,0,8,,,,,
Spain,1,2003-04-08,0,0,,,,,
Switzerland,1,2003-04-08,0,0,,,,,
Thailand,7,2003-04-08,0,2,,,,,
United Kingdom,5,2003-04-08,0,0,,,,,
United States,148,2003-04-08,0,0,,,,,
Viet Nam,62,2003-04-08,0,4,,,,,
Total,2671,2003-04-08,0,103,,,,,
Brazil,1,2003-04-09,0,0,,,,,
Canada,94,2003-04-09,0,10,,,,,
China,1280,2003-04-09,0,53,,,,,
"China, Hong Kong Special Administrative Region",970,2003-04-09,0,27,,,,,
"China, Taiwan",19,2003-04-09,0,0,,,,,
France,4,2003-04-09,0,0,,,,,
Germany,5,2003-04-09,0,0,,,,,
Italy,3,2003-04-09,0,0,,,,,
Malaysia,1,2003-04-09,0,1,,,,,
Republic of Ireland,1,2003-04-09,0,0,,,,,
Romania,1,2003-04-09,0,0,,,,,
Singapore,118,2003-04-09,0,9,,,,,
Spain,1,2003-04-09,0,0,,,,,
Switzerland,1,2003-04-09,0,0,,,,,
Thailand,7,2003-04-09,0,2,,,,,
United Kingdom,5,2003-04-09,0,0,,,,,
United States,149,2003-04-09,0,0,,,,,
Viet Nam,62,2003-04-09,0,4,,,,,
Total,2722,2003-04-09,0,106,,,,,
Australia,4,2003-04-24,3,0,,,,,
Brazil,2,2003-04-24,2,0,,,,,
Bulgaria,1,2003-04-24,0,0,,,,,
Canada,140,2003-04-24,67,15,,,,,
China,2422,2003-04-24,1254,110,,,,,
"China, Hong Kong Special Administrative Region^4",1488,2003-04-24,567,109,,,,,
"China, Taiwan",37,2003-04-24,21,0,,,,,
France,5,2003-04-24,1,0,,,,,
Germany,7,2003-04-24,6,0,,,,,
India,1,2003-04-24,1,0,,,,,
Indonesia,1,2003-04-24,1,0,,,,,
Italy,4,2003-04-24,3,0,,,,,
Japan,2,2003-04-24,0,0,,,,,
Kuwait,1,2003-04-24,1,0,,,,,
Malaysia,5,2003-04-24,2,2,,,,,
Mongolia,3,2003-04-24,3,0,,,,,
Philippines,2,2003-04-24,1,1,,,,,
Republic of Ireland,1,2003-04-24,1,0,,,,,
Romania,1,2003-04-24,1,0,,,,,
Singapore,192,2003-04-24,118,19,,,,,
South Africa,1,2003-04-24,0,0,,,,,
Spain,1,2003-04-24,1,0,,,,,
Sweden,3,2003-04-24,2,0,,,,,
Switzerland,1,2003-04-24,1,0,,,,,
Thailand,8,2003-04-24,5,2,,,,,
United Kingdom,6,2003-04-24,6,0,,,,,
United States,37,2003-04-24,not available,0,,,,,
Viet Nam,63,2003-04-24,49,5,,,,,
Total,4439,2003-04-24,2117,263,,,,,
Australia,4,2003-04-25,3,0,,,,,
Brazil,2,2003-04-25,2,0,,,,,
Bulgaria,1,2003-04-25,0,0,,,,,
Canada,140,2003-04-25,74,15,,,,,
China,2601,2003-04-25,1277,115,,,,,
"China, Hong Kong Special Administrative Region^4",1510,2003-04-25,614,115,,,,,
"China, Taiwan",41,2003-04-25,21,0,,,,,
France,5,2003-04-25,1,0,,,,,
Germany,7,2003-04-25,6,0,,,,,
India,1,2003-04-25,1,0,,,,,
Indonesia,1,2003-04-25,1,0,,,,,
Italy,4,2003-04-25,3,0,,,,,
Japan,2,2003-04-25,0,0,,,,,
Kuwait,1,2003-04-25,1,0,,,,,
Malaysia,5,2003-04-25,2,2,,,,,
Mongolia,3,2003-04-25,3,0,,,,,
Philippines,2,2003-04-25,1,1,,,,,
Republic of Ireland,1,2003-04-25,1,0,,,,,
Romania,1,2003-04-25,1,0,,,,,
Singapore,195,2003-04-25,126,19,,,,,
South Africa,1,2003-04-25,0,0,,,,,
Spain,1,2003-04-25,1,0,,,,,
Sweden,3,2003-04-25,2,0,,,,,
Switzerland,1,2003-04-25,1,0,,,,,
Thailand,8,2003-04-25,5,2,,,,,
United Kingdom,6,2003-04-25,6,0,,,,,
United States,39,2003-04-25,not available,0,,,,,
Viet Nam,63,2003-04-25,53,5,,,,,
Total,4649,2003-04-25,2206,274,,,,,
Australia,4,2003-04-26,3,0,,,,,
Brazil,2,2003-04-26,2,0,,,,,
Bulgaria,1,2003-04-26,0,0,,,,,
Canada,142,2003-04-26,77,18,,,,,
China,2753,2003-04-26,1285,122,,,,,
"China, Hong Kong Special Administrative Region5",1527,2003-04-26,632,121,,,,,
"China, Taiwan",49,2003-04-26,25,0,,,,,
France,5,2003-04-26,1,0,,,,,
Germany,7,2003-04-26,6,0,,,,,
India,1,2003-04-26,1,0,,,,,
Indonesia,1,2003-04-26,1,0,,,,,
Italy,4,2003-04-26,3,0,,,,,
Japan,2,2003-04-26,0,0,,,,,
Kuwait,1,2003-04-26,1,0,,,,,
Malaysia,5,2003-04-26,2,2,,,,,
Mongolia,5,2003-04-26,3,0,,,,,
Philippines,4,2003-04-26,1,2,,,,,
Republic of Ireland,1,2003-04-26,1,0,,,,,
Romania,1,2003-04-26,1,0,,,,,
Singapore,198,2003-04-26,126,21,,,,,
South Africa,1,2003-04-26,0,0,,,,,
Spain,1,2003-04-26,1,0,,,,,
Sweden,3,2003-04-26,2,0,,,,,
Switzerland,1,2003-04-26,1,0,,,,,
Thailand,7,2003-04-26,5,2,,,,,
United Kingdom,6,2003-04-26,6,0,,,,,
United States,41,2003-04-26,not available,0,,,,,
Viet Nam,63,2003-04-26,53,5,,,,,
Total,4836,2003-04-26,2239,293,,,,,
Australia,4,2003-04-28,3,0,,,,,
Brazil,2,2003-04-28,2,0,,,,,
Bulgaria,1,2003-04-28,0,0,,,,,
Canada,142,2003-04-28,77,18,,,,,
China,2914,2003-04-28,1299,131,,,,,
"China, Hong Kong Special Administrative Region^5",1557,2003-04-28,710,138,,,,,
"China, Taiwan",66,2003-04-28,25,0,,,,,
France,5,2003-04-28,1,0,,,,,
Germany,7,2003-04-28,6,0,,,,,
India,1,2003-04-28,1,0,,,,,
Indonesia,1,2003-04-28,1,0,,,,,
Italy,8,2003-04-28,3,0,,,,,
Japan,2,2003-04-28,0,0,,,,,
Kuwait,1,2003-04-28,1,0,,,,,
Malaysia,6,2003-04-28,2,2,,,,,
Mongolia,5,2003-04-28,3,0,,,,,
Philippines,4,2003-04-28,1,2,,,,,
Republic of Ireland,1,2003-04-28,1,0,,,,,
Romania,1,2003-04-28,1,0,,,,,
Singapore,199,2003-04-28,137,23,,,,,
South Africa,1,2003-04-28,0,0,,,,,
Spain,1,2003-04-28,1,0,,,,,
Sweden,3,2003-04-28,2,0,,,,,
Switzerland,1,2003-04-28,1,0,,,,,
Thailand,7,2003-04-28,5,2,,,,,
United Kingdom,6,2003-04-28,6,0,,,,,
United States,41,2003-04-28,not available,0,,,,,
Viet Nam,63,2003-04-28,53,5,,,,,
Total,5050,2003-04-28,2342,321,,,,,
Australia,4,2003-04-29,3,0,,,,,
Brazil,2,2003-04-29,2,0,,,,,
Bulgaria,1,2003-04-29,0,0,,,,,
Canada,146,2003-04-29,86,20,,,,,
China,3303,2003-04-29,1322,148,,,,,
"China, Hong Kong Special Administrative Region^6",1572,2003-04-29,759,150,,,,,
"China, Taiwan",66,2003-04-29,25,0,,,,,
France,5,2003-04-29,1,0,,,,,
Germany,7,2003-04-29,6,0,,,,,
India,1,2003-04-29,1,0,,,,,
Indonesia,1,2003-04-29,1,0,,,,,
Italy,9,2003-04-29,4,0,,,,,
Japan,2,2003-04-29,0,0,,,,,
Kuwait,1,2003-04-29,1,0,,,,,
Malaysia,6,2003-04-29,3,2,,,,,
Mongolia,5,2003-04-29,3,0,,,,,
Philippines,4,2003-04-29,1,2,,,,,
Republic of Ireland,1,2003-04-29,1,0,,,,,
Republic of Korea,1,2003-04-29,0,0,,,,,
Romania,1,2003-04-29,1,0,,,,,
Singapore,201,2003-04-29,139,24,,,,,
South Africa,1,2003-04-29,0,0,,,,,
Spain,1,2003-04-29,1,0,,,,,
Sweden,3,2003-04-29,2,0,,,,,
Switzerland,1,2003-04-29,1,0,,,,,
Thailand,7,2003-04-29,5,2,,,,,
United Kingdom,6,2003-04-29,6,0,,,,,
United States,41,2003-04-29,not available,0,,,,,
Viet Nam,63,2003-04-29,53,5,,,,,
Total,5462,2003-04-29,2427,353,,,,,
Australia,4,2003-04-30,3,0,,,,,
Brazil,2,2003-04-30,2,0,,,,,
Bulgaria,1,2003-04-30,0,0,,,,,
Canada,148,2003-04-30,87,20,,,,,
China,3460,2003-04-30,1332,159,,,,,
"China, Hong Kong Special Administrative Region^5",1589,2003-04-30,791,157,,,,,
"China, Macao Special Administrative Region",1,2003-04-30,0,0,,,,,
"China, Taiwan",78,2003-04-30,25,1,,,,,
France,5,2003-04-30,1,0,,,,,
Germany,7,2003-04-30,7,0,,,,,
Indonesia,2,2003-04-30,1,0,,,,,
Italy,9,2003-04-30,4,0,,,,,
Japan,2,2003-04-30,0,0,,,,,
Kuwait,1,2003-04-30,1,0,,,,,
Malaysia,6,2003-04-30,3,2,,,,,
Mongolia,6,2003-04-30,3,0,,,,,
Philippines,4,2003-04-30,1,2,,,,,
Republic of Ireland,1,2003-04-30,1,0,,,,,
Republic of Korea,1,2003-04-30,0,0,,,,,
Romania,1,2003-04-30,1,0,,,,,
Singapore,201,2003-04-30,139,24,,,,,
South Africa,1,2003-04-30,0,0,,,,,
Spain,1,2003-04-30,1,0,,,,,
Sweden,3,2003-04-30,2,0,,,,,
Switzerland,1,2003-04-30,1,0,,,,,
Thailand,7,2003-04-30,5,2,,,,,
United Kingdom,6,2003-04-30,6,0,,,,,
United States,52,2003-04-30,not available,0,,,,,
Viet Nam,63,2003-04-30,53,5,,,,,
Total,5663,2003-04-30,2470,372,,,,,
Australia,4,2003-05-01,4,0,,,,,
Brazil,2,2003-05-01,2,0,,,,,
Bulgaria,1,2003-05-01,0,0,,,,,
Canada,147,2003-05-01,87,20,,,,,
China,3638,2003-05-01,1351,170,,,,,
"China, Hong Kong Special Administrative Region^5",1600,2003-05-01,834,162,,,,,
"China, Macao Special Administrative Region",1,2003-05-01,0,0,,,,,
"China, Taiwan",89,2003-05-01,25,3,,,,,
France,5,2003-05-01,1,0,,,,,
Germany,7,2003-05-01,7,0,,,,,
Indonesia,2,2003-05-01,1,0,,,,,
Italy,9,2003-05-01,4,0,,,,,
Japan,2,2003-05-01,0,0,,,,,
Kuwait,1,2003-05-01,1,0,,,,,
Malaysia,6,2003-05-01,3,2,,,,,
Mongolia,6,2003-05-01,3,0,,,,,
Philippines,4,2003-05-01,1,2,,,,,
Poland,1,2003-05-01,0,0,,,,,
Republic of Ireland,1,2003-05-01,1,0,,,,,
Republic of Korea,1,2003-05-01,0,0,,,,,
Romania,1,2003-05-01,1,0,,,,,
Singapore,201,2003-05-01,143,25,,,,,
South Africa,1,2003-05-01,0,0,,,,,
Spain,1,2003-05-01,1,0,,,,,
Sweden,3,2003-05-01,2,0,,,,,
Switzerland,1,2003-05-01,1,0,,,,,
Thailand,7,2003-05-01,5,2,,,,,
United Kingdom,6,2003-05-01,6,0,,,,,
United States,54,2003-05-01,23,0,,,,,
Viet Nam,63,2003-05-01,56,5,,,,,
Total,5865,2003-05-01,2563,391,,,,,
Australia,4,2003-05-02,4,0,,,,,
Brazil,2,2003-05-02,2,0,,,,,
Bulgaria,1,2003-05-02,0,0,,,,,
Canada,149,2003-05-02,93,22,,,,,
China,3799,2003-05-02,1372,181,,,,,
"China, Hong Kong Special Administrative Region^4",1611,2003-05-02,878,170,,,,,
"China, Macao Special Administrative Region",1,2003-05-02,0,0,,,,,
"China, Taiwan",100,2003-05-02,25,8,,,,,
France,5,2003-05-02,4,0,,,,,
Germany,7,2003-05-02,7,0,,,,,
Indonesia,2,2003-05-02,1,0,,,,,
Italy,9,2003-05-02,4,0,,,,,
Kuwait,1,2003-05-02,1,0,,,,,
Malaysia,6,2003-05-02,3,2,,,,,
Mongolia,8,2003-05-02,4,0,,,,,
New Zealand,1,2003-05-02,1,0,,,,,
Philippines,3,2003-05-02,1,2,,,,,
Poland,1,2003-05-02,0,0,,,,,
Republic of Ireland,1,2003-05-02,1,0,,,,,
Republic of Korea,1,2003-05-02,0,0,,,,,
Romania,1,2003-05-02,1,0,,,,,
Singapore,203,2003-05-02,146,25,,,,,
South Africa,1,2003-05-02,0,0,,,,,
Spain,1,2003-05-02,1,0,,,,,
Sweden,3,2003-05-02,2,0,,,,,
Switzerland,1,2003-05-02,1,0,,,,,
Thailand,7,2003-05-02,5,2,,,,,
United Kingdom,6,2003-05-02,6,0,,,,,
United States,56,2003-05-02,24,0,,,,,
Viet Nam,63,2003-05-02,56,5,,,,,
Total,6054,2003-05-02,2643,417,,,,,
Australia,4,2003-05-03,4,0,,,,,
Brazil,2,2003-05-03,2,0,,,,,
Bulgaria,1,2003-05-03,0,0,,,,,
Canada,149,2003-05-03,94,22,,,,,
China,3971,2003-05-03,1406,190,,,,,
"China, Hong Kong Special Administrative Region^4",1621,2003-05-03,898,179,,,,,
"China, Macao Special Administrative Region",1,2003-05-03,0,0,,,,,
"China, Taiwan",100,2003-05-03,25,8,,,,,
France,5,2003-05-03,4,0,,,,,
Germany,7,2003-05-03,7,0,,,,,
Indonesia,2,2003-05-03,1,0,,,,,
Italy,9,2003-05-03,4,0,,,,,
Kuwait,1,2003-05-03,1,0,,,,,
Malaysia,6,2003-05-03,3,2,,,,,
Mongolia,8,2003-05-03,4,0,,,,,
New Zealand,1,2003-05-03,1,0,,,,,
Philippines,3,2003-05-03,1,2,,,,,
Poland,1,2003-05-03,0,0,,,,,
Republic of Ireland,1,2003-05-03,1,0,,,,,
Republic of Korea,1,2003-05-03,0,0,,,,,
Romania,1,2003-05-03,1,0,,,,,
Singapore,203,2003-05-03,147,25,,,,,
South Africa,1,2003-05-03,1,0,,,,,
Spain,1,2003-05-03,1,0,,,,,
Sweden,3,2003-05-03,2,0,,,,,
Switzerland,1,2003-05-03,1,0,,,,,
Thailand,7,2003-05-03,5,2,,,,,
United Kingdom,6,2003-05-03,6,0,,,,,
United States,54,2003-05-03,24,0,,,,,
Viet Nam,63,2003-05-03,58,5,,,,,
Total,6234,2003-05-03,2702,435,,,,,
Australia,4,2003-05-05,4,0,,,,,
Brazil,2,2003-05-05,2,0,,,,,
Bulgaria,1,2003-05-05,0,0,,,,,
Canada,148,2003-05-05,93,22,,,,,
China,4280,2003-05-05,1433,206,,,,,
"China, Hong Kong Special Administrative Region^5",1637,2003-05-05,930,187,,,,,
"China, Macao Special Administrative Region",1,2003-05-05,0,0,,,,,
"China, Taiwan",116,2003-05-05,25,8,,,,,
France,5,2003-05-05,4,0,,,,,
Germany,7,2003-05-05,7,0,,,,,
Indonesia,2,2003-05-05,1,0,,,,,
Italy,9,2003-05-05,4,0,,,,,
Kuwait,1,2003-05-05,1,0,,,,,
Malaysia,7,2003-05-05,4,2,,,,,
Mongolia,8,2003-05-05,4,0,,,,,
New Zealand,1,2003-05-05,1,0,,,,,
Philippines,3,2003-05-05,1,2,,,,,
Poland,1,2003-05-05,0,0,,,,,
Republic of Ireland,1,2003-05-05,1,0,,,,,
Republic of Korea,1,2003-05-05,0,0,,,,,
Romania,1,2003-05-05,1,0,,,,,
Singapore,204,2003-05-05,149,26,,,,,
South Africa,1,2003-05-05,0,1,,,,,
Spain,1,2003-05-05,1,0,,,,,
Sweden,3,2003-05-05,2,0,,,,,
Switzerland,1,2003-05-05,1,0,,,,,
Thailand,7,2003-05-05,5,2,,,,,
United Kingdom,6,2003-05-05,6,0,,,,,
United States,61,2003-05-05,26,0,,,,,
Viet Nam,63,2003-05-05,58,5,,,,,
Total,6583,2003-05-05,2764,461,,,,,
Australia,4,2003-05-06,4,0,,,,,
Brazil,2,2003-05-06,2,0,,,,,
Bulgaria,1,2003-05-06,0,0,,,,,
Canada,148,2003-05-06,93,22,,,,,
China,4409,2003-05-06,1460,214,,,,,
"China, Hong Kong Special Administrative Region^5",1646,2003-05-06,958,193,,,,,
"China, Macao Special Administrative Region",1,2003-05-06,0,0,,,,,
"China, Taiwan",116,2003-05-06,25,10,,,,,
Colombia,1,2003-05-06,1,0,,,,,
France,5,2003-05-06,4,0,,,,,
Germany,7,2003-05-06,7,0,,,,,
India,1,2003-05-06,0,0,,,,,
Indonesia,2,2003-05-06,1,0,,,,,
Italy,9,2003-05-06,4,0,,,,,
Kuwait,1,2003-05-06,1,0,,,,,
Malaysia,7,2003-05-06,4,2,,,,,
Mongolia,8,2003-05-06,4,0,,,,,
New Zealand,1,2003-05-06,1,0,,,,,
Philippines,3,2003-05-06,1,2,,,,,
Poland,1,2003-05-06,0,0,,,,,
Republic of Ireland,1,2003-05-06,1,0,,,,,
Republic of Korea,1,2003-05-06,0,0,,,,,
Romania,1,2003-05-06,1,0,,,,,
Singapore,204,2003-05-06,149,27,,,,,
South Africa,1,2003-05-06,0,1,,,,,
Spain,1,2003-05-06,1,0,,,,,
Sweden,3,2003-05-06,2,0,,,,,
Switzerland,1,2003-05-06,1,0,,,,,
Thailand,7,2003-05-06,5,2,,,,,
United Kingdom,6,2003-05-06,6,0,,,,,
United States,65,2003-05-06,32,0,,,,,
Viet Nam,63,2003-05-06,58,5,,,,,
Total,6727,2003-05-06,2826,478,,,,,
Australia,4,2003-05-07,4,0,,,,,
Brazil,2,2003-05-07,2,0,,,,,
Bulgaria,1,2003-05-07,0,0,,,,,
Canada,146,2003-05-07,93,22,,,,,
China,4560,2003-05-07,1487,219,,,,,
"China, Hong Kong Special Administrative Region^4",1654,2003-05-07,984,204,,,,,
"China, Macao Special Administrative Region",1,2003-05-07,0,0,,,,,
"China, Taiwan",125,2003-05-07,26,11,,,,,
Colombia,1,2003-05-07,1,0,,,,,
France,6,2003-05-07,4,0,,,,,
Germany,8,2003-05-07,7,0,,,,,
India,1,2003-05-07,0,0,,,,,
Indonesia,2,2003-05-07,1,0,,,,,
Italy,9,2003-05-07,5,0,,,,,
Kuwait,1,2003-05-07,1,0,,,,,
Malaysia,7,2003-05-07,4,2,,,,,
Mongolia,9,2003-05-07,6,0,,,,,
New Zealand,1,2003-05-07,1,0,,,,,
Philippines,10,2003-05-07,2,2,,,,,
Poland,1,2003-05-07,0,0,,,,,
Republic of Ireland,1,2003-05-07,1,0,,,,,
Republic of Korea,1,2003-05-07,0,0,,,,,
Romania,1,2003-05-07,1,0,,,,,
Singapore,204,2003-05-07,150,27,,,,,
South Africa,1,2003-05-07,0,1,,,,,
Spain,1,2003-05-07,1,0,,,,,
Sweden,3,2003-05-07,2,0,,,,,
Switzerland,1,2003-05-07,1,0,,,,,
Thailand,7,2003-05-07,5,2,,,,,
United Kingdom,6,2003-05-07,6,0,,,,,
United States,65,2003-05-07,32,0,,,,,
Viet Nam,63,2003-05-07,58,5,,,,,
Total,6903,2003-05-07,2885,495,,,,,
Australia,4,2003-05-08,4,0,,,,,
Brazil,2,2003-05-08,2,0,,,,,
Bulgaria,1,2003-05-08,0,0,,,,,
Canada,146,2003-05-08,95,22,,,,,
China,4698,2003-05-08,1529,224,,,,,
"China, Hong Kong Special Administrative Region^4",1661,2003-05-08,1008,208,,,,,
"China, Macao Special Administrative Region",1,2003-05-08,0,0,,,,,
"China, Taiwan",131,2003-05-08,26,13,,,,,
Colombia,1,2003-05-08,1,0,,,,,
Finland,1,2003-05-08,0,0,,,,,
France,6,2003-05-08,4,0,,,,,
Germany,8,2003-05-08,7,0,,,,,
India,1,2003-05-08,0,0,,,,,
Indonesia,2,2003-05-08,1,0,,,,,
Italy,9,2003-05-08,6,0,,,,,
Kuwait,1,2003-05-08,1,0,,,,,
Malaysia,7,2003-05-08,4,2,,,,,
Mongolia,9,2003-05-08,6,0,,,,,
New Zealand,1,2003-05-08,1,0,,,,,
Philippines,10,2003-05-08,2,2,,,,,
Poland,1,2003-05-08,0,0,,,,,
Republic of Ireland,1,2003-05-08,1,0,,,,,
Republic of Korea,1,2003-05-08,1,0,,,,,
Romania,1,2003-05-08,1,0,,,,,
Singapore,204,2003-05-08,153,27,,,,,
South Africa,1,2003-05-08,0,1,,,,,
Spain,1,2003-05-08,1,0,,,,,
Sweden,3,2003-05-08,2,0,,,,,
Switzerland,1,2003-05-08,1,0,,,,,
Thailand,7,2003-05-08,5,2,,,,,
United Kingdom,6,2003-05-08,6,0,,,,,
United States,63,2003-05-08,33,0,,,,,
Viet Nam,63,2003-05-08,58,5,,,,,
Total,7053,2003-05-08,2959,506,,,,,
Australia,4,2003-05-09,4,0,,,,,
Brazil,2,2003-05-09,2,0,,,,,
Bulgaria,1,2003-05-09,0,0,,,,,
Canada,145,2003-05-09,94,22,,,,,
China,4805,2003-05-09,1582,230,,,,,
"China, Hong Kong Special Administrative Region^4",1667,2003-05-09,1015,210,,,,,
"China, Macao Special Administrative Region",1,2003-05-09,0,0,,,,,
"China, Taiwan",149,2003-05-09,26,13,,,,,
Colombia,1,2003-05-09,1,0,,,,,
Finland,1,2003-05-09,0,0,,,,,
France,6,2003-05-09,4,0,,,,,
Germany,9,2003-05-09,9,0,,,,,
India,1,2003-05-09,0,0,,,,,
Indonesia,2,2003-05-09,1,0,,,,,
Italy,9,2003-05-09,9,0,,,,,
Kuwait,1,2003-05-09,1,0,,,,,
Malaysia,6,2003-05-09,4,2,,,,,
Mongolia,9,2003-05-09,6,0,,,,,
New Zealand,1,2003-05-09,1,0,,,,,
Philippines,10,2003-05-09,2,2,,,,,
Poland,1,2003-05-09,0,0,,,,,
Republic of Ireland,1,2003-05-09,1,0,,,,,
Republic of Korea,1,2003-05-09,1,0,,,,,
Romania,1,2003-05-09,1,0,,,,,
Singapore,204,2003-05-09,153,27,,,,,
South Africa,1,2003-05-09,0,1,,,,,
Spain,1,2003-05-09,1,0,,,,,
Sweden,3,2003-05-09,2,0,,,,,
Switzerland,1,2003-05-09,1,0,,,,,
Thailand,7,2003-05-09,5,2,,,,,
United Kingdom,6,2003-05-09,6,0,,,,,
United States,63,2003-05-09,33,0,,,,,
Viet Nam,63,2003-05-09,58,5,,,,,
Total,7183,2003-05-09,3023,514,,,,,
Australia,4,2003-05-10,4,0,,,,,
Brazil,2,2003-05-10,2,0,,,,,
Bulgaria,1,2003-05-10,0,0,,,,,
Canada,145,2003-05-10,97,22,,,,,
China,4884,2003-05-10,1620,235,,,,,
"China, Hong Kong Special Administrative Region^4",1674,2003-05-10,1035,212,,,,,
"China, Macao Special Administrative Region",1,2003-05-10,0,0,,,,,
"China, Taiwan",172,2003-05-10,26,18,,,,,
Colombia,1,2003-05-10,1,0,,,,,
Finland,1,2003-05-10,0,0,,,,,
France,7,2003-05-10,4,0,,,,,
Germany,9,2003-05-10,9,0,,,,,
India,1,2003-05-10,0,0,,,,,
Indonesia,2,2003-05-10,1,0,,,,,
Italy,9,2003-05-10,9,0,,,,,
Kuwait,1,2003-05-10,1,0,,,,,
Malaysia,7,2003-05-10,4,2,,,,,
Mongolia,9,2003-05-10,6,0,,,,,
New Zealand,1,2003-05-10,1,0,,,,,
Philippines,10,2003-05-10,2,2,,,,,
Poland,1,2003-05-10,0,0,,,,,
Republic of Ireland,1,2003-05-10,1,0,,,,,
Republic of Korea,1,2003-05-10,1,0,,,,,
Romania,1,2003-05-10,1,0,,,,,
Singapore,205,2003-05-10,155,27,,,,,
South Africa,1,2003-05-10,0,1,,,,,
Spain,1,2003-05-10,1,0,,,,,
Sweden,3,2003-05-10,2,0,,,,,
Switzerland,1,2003-05-10,1,0,,,,,
Thailand,7,2003-05-10,5,2,,,,,
United Kingdom,6,2003-05-10,6,0,,,,,
United States,64,2003-05-10,34,0,,,,,
Viet Nam,63,2003-05-10,58,5,,,,,
Total,7296,2003-05-10,3087,526,,,,,
Australia,6,2003-05-12,6,0,,,,,
Brazil,2,2003-05-12,2,0,,,,,
Bulgaria,1,2003-05-12,0,0,,,,,
Canada,143,2003-05-12,98,22,,,,,
China,5013,2003-05-12,1693,252,,,,,
"China, Hong Kong Special Administrative Region^5",1683,2003-05-12,1066,218,,,,,
"China, Macao Special Administrative Region",1,2003-05-12,0,0,,,,,
"China, Taiwan",184,2003-05-12,26,20,,,,,
Colombia,1,2003-05-12,1,0,,,,,
Finland,1,2003-05-12,0,0,,,,,
France,7,2003-05-12,4,0,,,,,
Germany,9,2003-05-12,9,0,,,,,
India,1,2003-05-12,0,0,,,,,
Indonesia,2,2003-05-12,1,0,,,,,
Italy,9,2003-05-12,8,0,,,,,
Kuwait,1,2003-05-12,1,0,,,,,
Malaysia,7,2003-05-12,4,2,,,,,
Mongolia,9,2003-05-12,6,0,,,,,
New Zealand,1,2003-05-12,1,0,,,,,
Philippines,10,2003-05-12,3,2,,,,,
Poland,1,2003-05-12,0,0,,,,,
Republic of Ireland,1,2003-05-12,1,0,,,,,
Republic of Korea,2,2003-05-12,1,0,,,,,
Romania,1,2003-05-12,1,0,,,,,
Singapore,205,2003-05-12,156,28,,,,,
South Africa,1,2003-05-12,0,1,,,,,
Spain,1,2003-05-12,1,0,,,,,
Sweden,3,2003-05-12,2,0,,,,,
Switzerland,1,2003-05-12,1,0,,,,,
Thailand,7,2003-05-12,5,2,,,,,
United Kingdom,6,2003-05-12,6,0,,,,,
United States,64,2003-05-12,34,0,,,,,
Viet Nam,63,2003-05-12,58,5,,,,,
Total,7447,2003-05-12,3195,552,,,,,
Australia,6,2003-05-13,6,0,,,,,
Brazil,2,2003-05-13,2,0,,,,,
Bulgaria,1,2003-05-13,0,0,,,,,
Canada,143,2003-05-13,99,22,,,,,
China,5086,2003-05-13,1765,262,,,,,
"China, Hong Kong Special Administrative Region^4",1689,2003-05-13,1090,225,,,,,
"China, Macao Special Administrative Region",1,2003-05-13,0,0,,,,,
"China, Taiwan",207,2003-05-13,30,24,,,,,
Colombia,1,2003-05-13,1,0,,,,,
Finland,1,2003-05-13,0,0,,,,,
France,7,2003-05-13,4,0,,,,,
Germany,9,2003-05-13,9,0,,,,,
India,3,2003-05-13,0,0,,,,,
Indonesia,2,2003-05-13,1,0,,,,,
Italy,9,2003-05-13,9,0,,,,,
Kuwait,1,2003-05-13,1,0,,,,,
Malaysia,7,2003-05-13,4,2,,,,,
Mongolia,9,2003-05-13,6,0,,,,,
New Zealand,1,2003-05-13,1,0,,,,,
Philippines,10,2003-05-13,3,2,,,,,
Republic of Ireland,1,2003-05-13,1,0,,,,,
Republic of Korea,2,2003-05-13,1,0,,,,,
Romania,1,2003-05-13,1,0,,,,,
Singapore,205,2003-05-13,157,28,,,,,
South Africa,1,2003-05-13,0,1,,,,,
Spain,1,2003-05-13,1,0,,,,,
Sweden,3,2003-05-13,3,0,,,,,
Switzerland,1,2003-05-13,1,0,,,,,
Thailand,7,2003-05-13,5,2,,,,,
United Kingdom,4,2003-05-13,4,0,,,,,
United States,64,2003-05-13,35,0,,,,,
Viet Nam,63,2003-05-13,58,5,,,,,
Total,7548,2003-05-13,3298,573,,,,,
Australia,6,2003-05-14,6,0,,,,,
Brazil,2,2003-05-14,2,0,,,,,
Bulgaria,1,2003-05-14,0,0,,,,,
Canada,143,2003-05-14,104,23,,,,,
China,5124,2003-05-14,1811,267,,,,,
"China, Hong Kong Special Administrative Region^4",1698,2003-05-14,1128,227,,,,,
"China, Macao Special Administrative Region",1,2003-05-14,0,0,,,,,
"China, Taiwan",238,2003-05-14,38,30,,,,,
Colombia,1,2003-05-14,1,0,,,,,
Finland,1,2003-05-14,0,0,,,,,
France,7,2003-05-14,4,0,,,,,
Germany,9,2003-05-14,9,0,,,,,
India,3,2003-05-14,0,0,,,,,
Indonesia,2,2003-05-14,2,0,,,,,
Italy,9,2003-05-14,9,0,,,,,
Kuwait,1,2003-05-14,1,0,,,,,
Malaysia,7,2003-05-14,5,2,,,,,
Mongolia,9,2003-05-14,6,0,,,,,
New Zealand,1,2003-05-14,1,0,,,,,
Philippines,10,2003-05-14,3,2,,,,,
Republic of Ireland,1,2003-05-14,1,0,,,,,
Republic of Korea,3,2003-05-14,1,0,,,,,
Romania,1,2003-05-14,1,0,,,,,
Singapore,205,2003-05-14,157,28,,,,,
South Africa,1,2003-05-14,0,1,,,,,
Spain,1,2003-05-14,1,0,,,,,
Sweden,3,2003-05-14,3,0,,,,,
Switzerland,1,2003-05-14,1,0,,,,,
Thailand,8,2003-05-14,5,2,,,,,
United Kingdom,4,2003-05-14,4,0,,,,,
United States,64,2003-05-14,35,0,,,,,
Viet Nam,63,2003-05-14,58,5,,,,,
Total,7628,2003-05-14,3397,587,,,,,
Australia,6,2003-05-15,6,0,,,,,
Brazil,2,2003-05-15,2,0,,,,,
Bulgaria,1,2003-05-15,0,0,,,,,
Canada,142,2003-05-15,107,23,,,,,
China,5163,2003-05-15,1858,271,,,,,
"China, Hong Kong Special Administrative Region^4",1703,2003-05-15,1160,234,,,,,
"China, Macao Special Administrative Region",1,2003-05-15,0,0,,,,,
"China, Taiwan",264,2003-05-15,38,30,,,,,
Colombia,1,2003-05-15,1,0,,,,,
Finland,1,2003-05-15,0,0,,,,,
France,7,2003-05-15,4,0,,,,,
Germany,9,2003-05-15,9,0,,,,,
India,3,2003-05-15,3,0,,,,,
Indonesia,2,2003-05-15,2,0,,,,,
Italy,9,2003-05-15,9,0,,,,,
Kuwait,1,2003-05-15,1,0,,,,,
Malaysia,7,2003-05-15,5,2,,,,,
Mongolia,9,2003-05-15,7,0,,,,,
New Zealand,1,2003-05-15,1,0,,,,,
Philippines,12,2003-05-15,4,2,,,,,
Republic of Ireland,1,2003-05-15,1,0,,,,,
Republic of Korea,3,2003-05-15,1,0,,,,,
Romania,1,2003-05-15,1,0,,,,,
Singapore,205,2003-05-15,157,28,,,,,
South Africa,1,2003-05-15,0,1,,,,,
Spain,1,2003-05-15,1,0,,,,,
Sweden,3,2003-05-15,3,0,,,,,
Switzerland,1,2003-05-15,1,0,,,,,
Thailand,8,2003-05-15,5,2,,,,,
United Kingdom,4,2003-05-15,4,0,,,,,
United States,64,2003-05-15,35,0,,,,,
Viet Nam,63,2003-05-15,58,5,,,,,
Total,7699,2003-05-15,3484,598,,,,,
Australia,6,2003-05-16,6,0,,,,,
Brazil,2,2003-05-16,2,0,,,,,
Bulgaria,1,2003-05-16,0,0,,,,,
Canada,140,2003-05-16,106,23,,,,,
China,5191,2003-05-16,1947,275,,,,,
"China, Hong Kong Special Administrative Region^4",1706,2003-05-16,1171,238,,,,,
"China, Macao Special Administrative Region",1,2003-05-16,0,0,,,,,
"China, Taiwan",274,2003-05-16,46,35,,,,,
Colombia,1,2003-05-16,1,0,,,,,
Finland,1,2003-05-16,0,0,,,,,
France,7,2003-05-16,4,0,,,,,
Germany,9,2003-05-16,9,0,,,,,
India,3,2003-05-16,3,0,,,,,
Indonesia,2,2003-05-16,2,0,,,,,
Italy,9,2003-05-16,9,0,,,,,
Kuwait,1,2003-05-16,1,0,,,,,
Malaysia,7,2003-05-16,5,2,,,,,
Mongolia,9,2003-05-16,7,0,,,,,
New Zealand,1,2003-05-16,1,0,,,,,
Philippines,12,2003-05-16,4,2,,,,,
Republic of Ireland,1,2003-05-16,1,0,,,,,
Republic of Korea,3,2003-05-16,1,0,,,,,
Romania,1,2003-05-16,1,0,,,,,
Singapore,205,2003-05-16,157,28,,,,,
South Africa,1,2003-05-16,0,1,,,,,
Spain,1,2003-05-16,1,0,,,,,
Sweden,3,2003-05-16,3,0,,,,,
Switzerland,1,2003-05-16,1,0,,,,,
Thailand,8,2003-05-16,5,2,,,,,
United Kingdom,4,2003-05-16,4,0,,,,,
United States,65,2003-05-16,34,0,,,,,
Viet Nam,63,2003-05-16,58,5,,,,,
Total,7739,2003-05-16,3590,611,,,,,
Australia,6,2003-05-17,6,0,,,,,
Brazil,2,2003-05-17,2,0,,,,,
Canada,140,2003-05-17,106,23,,,,,
China,5209,2003-05-17,2009,282,,,,,
"China, Hong Kong Special Administrative Region^4",1710,2003-05-17,1191,243,,,,,
"China, Macao Special Administrative Region",1,2003-05-17,0,0,,,,,
"China, Taiwan",274,2003-05-17,46,35,,,,,
Colombia,1,2003-05-17,1,0,,,,,
Finland,1,2003-05-17,0,0,,,,,
France,7,2003-05-17,6,0,,,,,
Germany,9,2003-05-17,9,0,,,,,
India,3,2003-05-17,3,0,,,,,
Indonesia,2,2003-05-17,2,0,,,,,
Italy,9,2003-05-17,9,0,,,,,
Kuwait,1,2003-05-17,1,0,,,,,
Malaysia,7,2003-05-17,5,2,,,,,
Mongolia,9,2003-05-17,7,0,,,,,
New Zealand,1,2003-05-17,1,0,,,,,
Philippines,12,2003-05-17,4,2,,,,,
Republic of Ireland,1,2003-05-17,1,0,,,,,
Republic of Korea,3,2003-05-17,1,0,,,,,
Romania,1,2003-05-17,1,0,,,,,
Singapore,205,2003-05-17,157,28,,,,,
South Africa,1,2003-05-17,0,1,,,,,
Spain,1,2003-05-17,1,0,,,,,
Sweden,3,2003-05-17,3,0,,,,,
Switzerland,1,2003-05-17,1,0,,,,,
Thailand,8,2003-05-17,5,2,,,,,
United Kingdom,4,2003-05-17,4,0,,,,,
United States,66,2003-05-17,34,0,,,,,
Viet Nam,63,2003-05-17,58,5,,,,,
Total,7761,2003-05-17,3674,623,,,,,
Australia,6,2003-05-19,6,0,,,,,
Brazil,2,2003-05-19,2,0,,,,,
Canada,140,2003-05-19,106,23,,,,,
China,5236,2003-05-19,2148,289,,,,,
"China, Hong Kong Special Administrative Region^5",1714,2003-05-19,1213,251,,,,,
"China, Macao Special Administrative Region",1,2003-05-19,0,0,,,,,
"China, Taiwan",344,2003-05-19,50,40,,,,,
Colombia,1,2003-05-19,1,0,,,,,
Finland,1,2003-05-19,0,0,,,,,
France,7,2003-05-19,6,0,,,,,
Germany,9,2003-05-19,9,0,,,,,
India,3,2003-05-19,3,0,,,,,
Indonesia,2,2003-05-19,2,0,,,,,
Italy,9,2003-05-19,9,0,,,,,
Kuwait,1,2003-05-19,1,0,,,,,
Malaysia,7,2003-05-19,5,2,,,,,
Mongolia,9,2003-05-19,8,0,,,,,
New Zealand,1,2003-05-19,1,0,,,,,
Philippines,12,2003-05-19,8,2,,,,,
Republic of Ireland,1,2003-05-19,1,0,,,,,
Republic of Korea,3,2003-05-19,1,0,,,,,
Romania,1,2003-05-19,1,0,,,,,
Singapore,206,2003-05-19,160,28,,,,,
South Africa,1,2003-05-19,0,1,,,,,
Spain,1,2003-05-19,1,0,,,,,
Sweden,3,2003-05-19,3,0,,,,,
Switzerland,1,2003-05-19,1,0,,,,,
Thailand,8,2003-05-19,5,2,,,,,
United Kingdom,4,2003-05-19,4,0,,,,,
United States,67,2003-05-19,34,0,,,,,
Viet Nam,63,2003-05-19,58,5,,,,,
Total,7864,2003-05-19,3847,643,,,,,
Australia,6,2003-05-20,6,0,,,,,
Brazil,2,2003-05-20,2,0,,,,,
Canada,140,2003-05-20,106,23,,,,,
China,5248,2003-05-20,2254,294,,,,,
"China, Hong Kong Special Administrative Region^4",1718,2003-05-20,1229,253,,,,,
"China, Macao Special Administrative Region",1,2003-05-20,0,0,,,,,
"China, Taiwan",383,2003-05-20,63,52,,,,,
Colombia,1,2003-05-20,1,0,,,,,
Finland,1,2003-05-20,0,0,,,,,
France,7,2003-05-20,6,0,,,,,
Germany,9,2003-05-20,9,0,,,,,
India,3,2003-05-20,3,0,,,,,
Indonesia,2,2003-05-20,2,0,,,,,
Italy,9,2003-05-20,9,0,,,,,
Kuwait,1,2003-05-20,1,0,,,,,
Malaysia,7,2003-05-20,5,2,,,,,
Mongolia,9,2003-05-20,8,0,,,,,
New Zealand,1,2003-05-20,1,0,,,,,
Philippines,12,2003-05-20,8,2,,,,,
Republic of Ireland,1,2003-05-20,1,0,,,,,
Republic of Korea,3,2003-05-20,2,0,,,,,
Romania,1,2003-05-20,1,0,,,,,
Singapore,206,2003-05-20,161,28,,,,,
South Africa,1,2003-05-20,0,1,,,,,
Spain,1,2003-05-20,1,0,,,,,
Sweden,3,2003-05-20,3,0,,,,,
Switzerland,1,2003-05-20,1,0,,,,,
Thailand,8,2003-05-20,5,2,,,,,
United Kingdom,4,2003-05-20,4,0,,,,,
United States,67,2003-05-20,34,0,,,,,
Viet Nam,63,2003-05-20,58,5,,,,,
Total,7919,2003-05-20,3984,662,,,,,
Australia,6,2003-05-21,6,0,,,,,
Brazil,2,2003-05-21,2,0,,,,,
Canada,140,2003-05-21,108,23,,,,,
China,5249,2003-05-21,2335,296,,,,,
"China, Hong Kong Special Administrative Region^4",1719,2003-05-21,1237,255,,,,,
"China, Macao Special Administrative Region",1,2003-05-21,0,0,,,,,
"China, Taiwan",418,2003-05-21,71,52,,,,,
Colombia,1,2003-05-21,1,0,,,,,
Finland,1,2003-05-21,1,0,,,,,
France,7,2003-05-21,6,0,,,,,
Germany,9,2003-05-21,9,0,,,,,
India,3,2003-05-21,3,0,,,,,
Indonesia,2,2003-05-21,2,0,,,,,
Italy,9,2003-05-21,9,0,,,,,
Kuwait,1,2003-05-21,1,0,,,,,
Malaysia,8,2003-05-21,5,2,,,,,
Mongolia,9,2003-05-21,8,0,,,,,
New Zealand,1,2003-05-21,1,0,,,,,
Philippines,12,2003-05-21,10,2,,,,,
Republic of Ireland,1,2003-05-21,1,0,,,,,
Republic of Korea,3,2003-05-21,2,0,,,,,
Romania,1,2003-05-21,1,0,,,,,
Singapore,206,2003-05-21,161,28,,,,,
South Africa,1,2003-05-21,0,1,,,,,
Spain,1,2003-05-21,1,0,,,,,
Sweden,3,2003-05-21,3,0,,,,,
Switzerland,1,2003-05-21,1,0,,,,,
Thailand,8,2003-05-21,5,2,,,,,
United Kingdom,4,2003-05-21,4,0,,,,,
United States,66,2003-05-21,33,0,,,,,
Viet Nam,63,2003-05-21,58,5,,,,,
Total,7956,2003-05-21,4085,666,,,,,
Australia,6,2003-05-22,6,0,,,,,
Brazil,2,2003-05-22,2,0,,,,,
Canada,140,2003-05-22,109,23,,,,,
China,5271,2003-05-22,2445,300,,,,,
"China, Hong Kong Special Administrative Region4",1722,2003-05-22,1247,258,,,,,
"China, Macao Special Administrative Region",2,2003-05-22,0,0,,,,,
"China, Taiwan",483,2003-05-22,74,60,,,,,
Colombia,1,2003-05-22,1,0,,,,,
Finland,1,2003-05-22,1,0,,,,,
France,7,2003-05-22,6,0,,,,,
Germany,9,2003-05-22,9,0,,,,,
India,3,2003-05-22,3,0,,,,,
Indonesia,2,2003-05-22,2,0,,,,,
Italy,9,2003-05-22,9,0,,,,,
Kuwait,1,2003-05-22,1,0,,,,,
Malaysia,8,2003-05-22,5,2,,,,,
Mongolia,9,2003-05-22,8,0,,,,,
New Zealand,1,2003-05-22,1,0,,,,,
Philippines,12,2003-05-22,10,2,,,,,
Republic of Ireland,1,2003-05-22,1,0,,,,,
Republic of Korea,3,2003-05-22,2,0,,,,,
Romania,1,2003-05-22,1,0,,,,,
Singapore,206,2003-05-22,162,29,,,,,
South Africa,1,2003-05-22,0,1,,,,,
Spain,1,2003-05-22,1,0,,,,,
Sweden,3,2003-05-22,3,0,,,,,
Switzerland,1,2003-05-22,1,0,,,,,
Thailand,8,2003-05-22,5,2,,,,,
United Kingdom,4,2003-05-22,4,0,,,,,
United States,65,2003-05-22,33,0,,,,,
Viet Nam,63,2003-05-22,58,5,,,,,
Total,8046,2003-05-22,4210,682,,,,,
Australia,6,2003-05-23,6,0,,,,,
Brazil,2,2003-05-23,2,0,,,,,
Canada,140,2003-05-23,109,23,,,,,
China,5285,2003-05-23,2544,303,,,,,
"China, Hong Kong Special Administrative Region^4",1724,2003-05-23,1255,260,,,,,
"China, Macao Special Administrative Region",2,2003-05-23,0,0,,,,,
"China, Taiwan",538,2003-05-23,82,60,,,,,
Colombia,1,2003-05-23,1,0,,,,,
Finland,1,2003-05-23,1,0,,,,,
France,7,2003-05-23,6,0,,,,,
Germany,9,2003-05-23,9,0,,,,,
India,3,2003-05-23,3,0,,,,,
Indonesia,2,2003-05-23,2,0,,,,,
Italy,9,2003-05-23,9,0,,,,,
Kuwait,1,2003-05-23,1,0,,,,,
Malaysia,8,2003-05-23,5,2,,,,,
Mongolia,9,2003-05-23,8,0,,,,,
New Zealand,1,2003-05-23,1,0,,,,,
Philippines,12,2003-05-23,10,2,,,,,
Republic of Ireland,1,2003-05-23,1,0,,,,,
Republic of Korea,3,2003-05-23,2,0,,,,,
Romania,1,2003-05-23,1,0,,,,,
Singapore,206,2003-05-23,163,31,,,,,
South Africa,1,2003-05-23,0,1,,,,,
Spain,1,2003-05-23,1,0,,,,,
Sweden,3,2003-05-23,3,0,,,,,
Switzerland,1,2003-05-23,1,0,,,,,
Thailand,8,2003-05-23,5,2,,,,,
United Kingdom,4,2003-05-23,4,0,,,,,
United States,65,2003-05-23,33,0,,,,,
Viet Nam,63,2003-05-23,58,5,,,,,
Total,8117,2003-05-23,4326,689,,,,,
Australia,6,2003-05-24,6,0,,,,,
Brazil,2,2003-05-24,2,0,,,,,
Canada,140,2003-05-24,109,23,,,,,
China,5309,2003-05-24,2675,308,,,,,
"China, Hong Kong Special Administrative Region^4",1724,2003-05-24,1266,262,,,,,
"China, Macao Special Administrative Region",2,2003-05-24,0,0,,,,,
"China, Taiwan",538,2003-05-24,82,60,,,,,
Colombia,1,2003-05-24,1,0,,,,,
Finland,1,2003-05-24,1,0,,,,,
France,7,2003-05-24,6,0,,,,,
Germany,9,2003-05-24,9,0,,,,,
India,3,2003-05-24,3,0,,,,,
Indonesia,2,2003-05-24,2,0,,,,,
Italy,9,2003-05-24,9,0,,,,,
Kuwait,1,2003-05-24,1,0,,,,,
Malaysia,8,2003-05-24,5,2,,,,,
Mongolia,9,2003-05-24,8,0,,,,,
New Zealand,1,2003-05-24,1,0,,,,,
Philippines,12,2003-05-24,10,2,,,,,
Republic of Ireland,1,2003-05-24,1,0,,,,,
Republic of Korea,3,2003-05-24,2,0,,,,,
Romania,1,2003-05-24,1,0,,,,,
Singapore,206,2003-05-24,163,31,,,,,
South Africa,1,2003-05-24,0,1,,,,,
Spain,1,2003-05-24,1,0,,,,,
Sweden,3,2003-05-24,3,0,,,,,
Switzerland,1,2003-05-24,1,0,,,,,
Thailand,8,2003-05-24,5,2,,,,,
United Kingdom,4,2003-05-24,4,0,,,,,
United States,65,2003-05-24,33,0,,,,,
Viet Nam,63,2003-05-24,58,5,,,,,
Total,8141,2003-05-24,4468,696,,,,,
Australia,6,2003-05-26,6,0,,,,,
Brazil,2,2003-05-26,2,0,,,,,
Canada,148,2003-05-26,110,26,,,,,
China,5316,2003-05-26,2829,317,,,,,
"China, Hong Kong Special Administrative Region^5",1726,2003-05-26,1276,267,,,,,
"China, Macao Special Administrative Region",2,2003-05-26,0,0,,,,,
"China, Taiwan",585,2003-05-26,112,72,,,,,
Colombia,1,2003-05-26,1,0,,,,,
Finland,1,2003-05-26,1,0,,,,,
France,7,2003-05-26,6,0,,,,,
Germany,9,2003-05-26,9,0,,,,,
India,3,2003-05-26,3,0,,,,,
Indonesia,2,2003-05-26,2,0,,,,,
Italy,9,2003-05-26,9,0,,,,,
Kuwait,1,2003-05-26,1,0,,,,,
Malaysia,5,2003-05-26,3,2,,,,,
Mongolia,9,2003-05-26,8,0,,,,,
New Zealand,1,2003-05-26,1,0,,,,,
Philippines,12,2003-05-26,10,2,,,,,
Republic of Ireland,1,2003-05-26,1,0,,,,,
Republic of Korea,3,2003-05-26,2,0,,,,,
Romania,1,2003-05-26,1,0,,,,,
Singapore,206,2003-05-26,163,31,,,,,
South Africa,1,2003-05-26,0,1,,,,,
Spain,1,2003-05-26,1,0,,,,,
Sweden,3,2003-05-26,3,0,,,,,
Switzerland,1,2003-05-26,1,0,,,,,
Thailand,8,2003-05-26,6,2,,,,,
United Kingdom,4,2003-05-26,4,0,,,,,
United States,65,2003-05-26,33,0,,,,,
Viet Nam,63,2003-05-26,58,5,,,,,
Total,8202,2003-05-26,4662,725,,,,,
Australia,6,2003-05-27,6,0,,,,,
Brazil,2,2003-05-27,2,0,,,,,
Canada,148,2003-05-27,111,26,,,,,
China,5322,2003-05-27,2944,321,,,,,
"China, Hong Kong Special Administrative Region^4",1728,2003-05-27,1285,269,,,,,
"China, Macao Special Administrative Region",2,2003-05-27,0,0,,,,,
"China, Taiwan",596,2003-05-27,112,76,,,,,
Colombia,1,2003-05-27,1,0,,,,,
Finland,1,2003-05-27,1,0,,,,,
France,7,2003-05-27,6,0,,,,,
Germany,9,2003-05-27,9,0,,,,,
India,3,2003-05-27,3,0,,,,,
Indonesia,2,2003-05-27,2,0,,,,,
Italy,9,2003-05-27,9,0,,,,,
Kuwait,1,2003-05-27,1,0,,,,,
Malaysia,5,2003-05-27,3,2,,,,,
Mongolia,9,2003-05-27,9,0,,,,,
New Zealand,1,2003-05-27,1,0,,,,,
Philippines,12,2003-05-27,10,2,,,,,
Republic of Ireland,1,2003-05-27,1,0,,,,,
Republic of Korea,3,2003-05-27,2,0,,,,,
Romania,1,2003-05-27,1,0,,,,,
Singapore,206,2003-05-27,163,31,,,,,
South Africa,1,2003-05-27,0,1,,,,,
Spain,1,2003-05-27,1,0,,,,,
Sweden,3,2003-05-27,3,0,,,,,
Switzerland,1,2003-05-27,1,0,,,,,
Thailand,8,2003-05-27,6,2,,,,,
United Kingdom,4,2003-05-27,4,0,,,,,
United States,65,2003-05-27,32,0,,,,,
Viet Nam,63,2003-05-27,58,5,,,,,
Total,8221,2003-05-27,4787,735,,,,,
Australia,6,2003-05-28,6,0,,,,,
Brazil,2,2003-05-28,2,0,,,,,
Canada,149,2003-05-28,111,26,,,,,
China,5323,2003-05-28,3036,325,,,,,
"China, Hong Kong Special Administrative Region^4",1730,2003-05-28,1295,270,,,,,
"China, Macao Special Administrative Region",2,2003-05-28,0,0,,,,,
"China, Taiwan",610,2003-05-28,112,81,,,,,
Colombia,1,2003-05-28,1,0,,,,,
Finland,1,2003-05-28,1,0,,,,,
France,7,2003-05-28,6,0,,,,,
Germany,9,2003-05-28,9,0,,,,,
India,3,2003-05-28,3,0,,,,,
Indonesia,2,2003-05-28,2,0,,,,,
Italy,9,2003-05-28,9,0,,,,,
Kuwait,1,2003-05-28,1,0,,,,,
Malaysia,5,2003-05-28,3,2,,,,,
Mongolia,9,2003-05-28,9,0,,,,,
New Zealand,1,2003-05-28,1,0,,,,,
Philippines,12,2003-05-28,10,2,,,,,
Republic of Ireland,1,2003-05-28,1,0,,,,,
Republic of Korea,3,2003-05-28,2,0,,,,,
Romania,1,2003-05-28,1,0,,,,,
Singapore,206,2003-05-28,165,31,,,,,
South Africa,1,2003-05-28,0,1,,,,,
Spain,1,2003-05-28,1,0,,,,,
Sweden,3,2003-05-28,3,0,,,,,
Switzerland,1,2003-05-28,1,0,,,,,
Thailand,8,2003-05-28,6,2,,,,,
United Kingdom,4,2003-05-28,4,0,,,,,
United States,66,2003-05-28,32,0,,,,,
Viet Nam,63,2003-05-28,58,5,,,,,
Total,8240,2003-05-28,4891,745,,,,,
Australia,6,2003-05-29,6,0,,,,,
Brazil,2,2003-05-29,2,0,,,,,
Canada,151,2003-05-29,112,26,,,,,
China,5325,2003-05-29,3121,327,,,,,
"China, Hong Kong Special Administrative Region^4",1732,2003-05-29,1302,273,,,,,
"China, Macao Special Administrative Region",1,2003-05-29,0,0,,,,,
"China, Taiwan",660,2003-05-29,122,81,,,,,
Colombia,1,2003-05-29,1,0,,,,,
Finland,1,2003-05-29,1,0,,,,,
France,7,2003-05-29,6,0,,,,,
Germany,9,2003-05-29,9,0,,,,,
India,3,2003-05-29,3,0,,,,,
Indonesia,2,2003-05-29,2,0,,,,,
Italy,9,2003-05-29,9,0,,,,,
Kuwait,1,2003-05-29,1,0,,,,,
Malaysia,5,2003-05-29,3,2,,,,,
Mongolia,9,2003-05-29,9,0,,,,,
New Zealand,1,2003-05-29,1,0,,,,,
Philippines,12,2003-05-29,10,2,,,,,
Republic of Ireland,1,2003-05-29,1,0,,,,,
Republic of Korea,3,2003-05-29,2,0,,,,,
Romania,1,2003-05-29,1,0,,,,,
Singapore,206,2003-05-29,165,31,,,,,
South Africa,1,2003-05-29,0,1,,,,,
Spain,1,2003-05-29,1,0,,,,,
Sweden,3,2003-05-29,3,0,,,,,
Switzerland,1,2003-05-29,1,0,,,,,
Thailand,8,2003-05-29,6,2,,,,,
United Kingdom,4,2003-05-29,4,0,,,,,
United States,66,2003-05-29,32,0,,,,,
Viet Nam,63,2003-05-29,58,5,,,,,
Total,8295,2003-05-29,4994,750,,,,,
Australia,6,2003-05-30,6,0,,,,,
Brazil,2,2003-05-30,2,0,,,,,
Canada,159,2003-05-30,112,28,,,,,
China,5328,2003-05-30,3250,328,,,,,
"China, Hong Kong Special Administrative Region^4",1736,2003-05-30,1304,274,,,,,
"China, Macao Special Administrative Region",1,2003-05-30,0,0,,,,,
"China, Taiwan",667,2003-05-30,125,81,,,,,
Colombia,1,2003-05-30,1,0,,,,,
Finland,1,2003-05-30,1,0,,,,,
France,7,2003-05-30,6,0,,,,,
Germany,9,2003-05-30,9,0,,,,,
India,3,2003-05-30,3,0,,,,,
Indonesia,2,2003-05-30,2,0,,,,,
Italy,9,2003-05-30,9,0,,,,,
Kuwait,1,2003-05-30,1,0,,,,,
Malaysia,5,2003-05-30,3,2,,,,,
Mongolia,9,2003-05-30,9,0,,,,,
New Zealand,1,2003-05-30,1,0,,,,,
Philippines,12,2003-05-30,10,2,,,,,
Republic of Ireland,1,2003-05-30,1,0,,,,,
Republic of Korea,3,2003-05-30,3,0,,,,,
Romania,1,2003-05-30,1,0,,,,,
Singapore,206,2003-05-30,165,31,,,,,
South Africa,1,2003-05-30,0,1,,,,,
Spain,1,2003-05-30,1,0,,,,,
Sweden,3,2003-05-30,3,0,,,,,
Switzerland,1,2003-05-30,1,0,,,,,
Thailand,8,2003-05-30,6,2,,,,,
United Kingdom,4,2003-05-30,4,0,,,,,
United States,66,2003-05-30,32,0,,,,,
Viet Nam,63,2003-05-30,58,5,,,,,
Total,8317,2003-05-30,5129,754,,,,,
Australia,6,2003-05-31,6,0,,,,,
Brazil,2,2003-05-31,2,0,,,,,
Canada,188,2003-05-31,116,30,,,,,
China,5328,2003-05-31,3371,332,,,,,
"China, Hong Kong Special Administrative Region^5",1739,2003-05-31,1310,278,,,,,
"China, Macao Special Administrative Region",1,2003-05-31,0,0,,,,,
"China, Taiwan",676,2003-05-31,129,81,,,,,
Colombia,1,2003-05-31,1,0,,,,,
Finland,1,2003-05-31,1,0,,,,,
France,7,2003-05-31,6,0,,,,,
Germany,10,2003-05-31,9,0,,,,,
India,3,2003-05-31,3,0,,,,,
Indonesia,2,2003-05-31,2,0,,,,,
Italy,9,2003-05-31,9,0,,,,,
Kuwait,1,2003-05-31,1,0,,,,,
Malaysia,5,2003-05-31,3,2,,,,,
Mongolia,9,2003-05-31,9,0,,,,,
New Zealand,1,2003-05-31,1,0,,,,,
Philippines,12,2003-05-31,10,2,,,,,
Republic of Ireland,1,2003-05-31,1,0,,,,,
Republic of Korea,3,2003-05-31,3,0,,,,,
Romania,1,2003-05-31,1,0,,,,,
Russian Federation,1,2003-05-31,0,0,,,,,
Singapore,206,2003-05-31,165,31,,,,,
South Africa,1,2003-05-31,0,1,,,,,
Spain,1,2003-05-31,1,0,,,,,
Sweden,3,2003-05-31,3,0,,,,,
Switzerland,1,2003-05-31,1,0,,,,,
Thailand,8,2003-05-31,6,2,,,,,
United Kingdom,4,2003-05-31,4,0,,,,,
United States,66,2003-05-31,32,0,,,,,
Viet Nam,63,2003-05-31,58,5,,,,,
Total,8360,2003-05-31,5264,764,,,,,
Australia,5,2003-06-02,5,0,,,,,
Brazil,2,2003-06-02,2,0,,,,,
Canada,198,2003-06-02,116,30,,,,,
China,5328,2003-06-02,3495,334,,,,,
"China, Hong Kong Special Administrative Region^5",1746,2003-06-02,1319,282,,,,,
"China, Macao Special Administrative Region",1,2003-06-02,1,0,,,,,
"China, Taiwan",684,2003-06-02,134,81,,,,,
Colombia,1,2003-06-02,1,0,,,,,
Finland,1,2003-06-02,1,0,,,,,
France,7,2003-06-02,6,0,,,,,
Germany,10,2003-06-02,9,0,,,,,
India,3,2003-06-02,3,0,,,,,
Indonesia,2,2003-06-02,2,0,,,,,
Italy,9,2003-06-02,9,0,,,,,
Kuwait,1,2003-06-02,1,0,,,,,
Malaysia,5,2003-06-02,3,2,,,,,
Mongolia,9,2003-06-02,9,0,,,,,
New Zealand,1,2003-06-02,1,0,,,,,
Philippines,12,2003-06-02,10,2,,,,,
Republic of Ireland,1,2003-06-02,1,0,,,,,
Republic of Korea,3,2003-06-02,3,0,,,,,
Romania,1,2003-06-02,1,0,,,,,
Russian Federation,1,2003-06-02,0,0,,,,,
Singapore,206,2003-06-02,165,31,,,,,
South Africa,1,2003-06-02,0,1,,,,,
Spain,1,2003-06-02,1,0,,,,,
Sweden,3,2003-06-02,3,0,,,,,
Switzerland,1,2003-06-02,1,0,,,,,
Thailand,8,2003-06-02,6,2,,,,,
United Kingdom,4,2003-06-02,4,0,,,,,
United States,66,2003-06-02,32,0,,,,,
Viet Nam,63,2003-06-02,58,5,,,,,
Total,8384,2003-06-02,5402,770,,,,,
Australia,5,2003-06-03,5,0,,,,,
Brazil,2,2003-06-03,2,0,,,,,
Canada,213,2003-06-03,116,31,,,,,
China,5329,2003-06-03,3558,334,,,,,
"China, Hong Kong Special Administrative Region4",1747,2003-06-03,1326,283,,,,,
"China, Macao Special Administrative Region",1,2003-06-03,1,0,,,,,
"China, Taiwan",679,2003-06-03,136,81,,,,,
Colombia,1,2003-06-03,1,0,,,,,
Finland,1,2003-06-03,1,0,,,,,
France,7,2003-06-03,6,0,,,,,
Germany,10,2003-06-03,9,0,,,,,
India,3,2003-06-03,3,0,,,,,
Indonesia,2,2003-06-03,2,0,,,,,
Italy,9,2003-06-03,9,0,,,,,
Kuwait,1,2003-06-03,1,0,,,,,
Malaysia,5,2003-06-03,3,2,,,,,
Mongolia,9,2003-06-03,9,0,,,,,
New Zealand,1,2003-06-03,1,0,,,,,
Philippines,12,2003-06-03,10,2,,,,,
Republic of Ireland,1,2003-06-03,1,0,,,,,
Republic of Korea,3,2003-06-03,3,0,,,,,
Romania,1,2003-06-03,1,0,,,,,
Russian Federation,1,2003-06-03,0,0,,,,,
Singapore,206,2003-06-03,165,31,,,,,
South Africa,1,2003-06-03,0,1,,,,,
Spain,1,2003-06-03,1,0,,,,,
Sweden,3,2003-06-03,3,0,,,,,
Switzerland,1,2003-06-03,1,0,,,,,
Thailand,8,2003-06-03,6,2,,,,,
United Kingdom,4,2003-06-03,4,0,,,,,
United States,68,2003-06-03,33,0,,,,,
Viet Nam,63,2003-06-03,58,5,,,,,
Total,8398,2003-06-03,5475,772,,,,,
Australia,5,2003-06-04,5,0,,,,,
Brazil,2,2003-06-04,2,0,,,,,
Canada,216,2003-06-04,121,31,,,,,
China,5329,2003-06-04,3674,334,,,,,
"China, Hong Kong Special Administrative Region^4",1748,2003-06-04,1339,283,,,,,
"China, Macao Special Administrative Region",1,2003-06-04,1,0,,,,,
"China, Taiwan",678,2003-06-04,272,81,,,,,
Colombia,1,2003-06-04,1,0,,,,,
Finland,1,2003-06-04,1,0,,,,,
France,7,2003-06-04,6,0,,,,,
Germany,10,2003-06-04,9,0,,,,,
India,3,2003-06-04,3,0,,,,,
Indonesia,2,2003-06-04,2,0,,,,,
Italy,9,2003-06-04,9,0,,,,,
Kuwait,1,2003-06-04,1,0,,,,,
Malaysia,5,2003-06-04,3,2,,,,,
Mongolia,9,2003-06-04,9,0,,,,,
New Zealand,1,2003-06-04,1,0,,,,,
Philippines,12,2003-06-04,10,2,,,,,
Republic of Ireland,1,2003-06-04,1,0,,,,,
Republic of Korea,3,2003-06-04,3,0,,,,,
Romania,1,2003-06-04,1,0,,,,,
Russian Federation,1,2003-06-04,0,0,,,,,
Singapore,206,2003-06-04,165,31,,,,,
South Africa,1,2003-06-04,0,1,,,,,
Spain,1,2003-06-04,1,0,,,,,
Sweden,3,2003-06-04,3,0,,,,,
Switzerland,1,2003-06-04,1,0,,,,,
Thailand,8,2003-06-04,6,2,,,,,
United Kingdom,4,2003-06-04,4,0,,,,,
United States,69,2003-06-04,34,0,,,,,
Viet Nam,63,2003-06-04,58,5,,,,,
Total,8402,2003-06-04,5746,772,,,,,
Australia,5,2003-06-05,5,0,,,,,
Brazil,2,2003-06-05,2,0,,,,,
Canada,218,2003-06-05,120,31,,,,,
China,5329,2003-06-05,3770,336,,,,,
"China, Hong Kong Special Administrative Region^4",1748,2003-06-05,1343,284,,,,,
"China, Macao Special Administrative Region",1,2003-06-05,1,0,,,,,
"China, Taiwan",677,2003-06-05,257,81,,,,,
Colombia,1,2003-06-05,1,0,,,,,
Finland,1,2003-06-05,1,0,,,,,
France,7,2003-06-05,6,0,,,,,
Germany,10,2003-06-05,9,0,,,,,
India,3,2003-06-05,3,0,,,,,
Indonesia,2,2003-06-05,2,0,,,,,
Italy,9,2003-06-05,9,0,,,,,
Kuwait,1,2003-06-05,1,0,,,,,
Malaysia,5,2003-06-05,3,2,,,,,
Mongolia,9,2003-06-05,9,0,,,,,
New Zealand,1,2003-06-05,1,0,,,,,
Philippines,12,2003-06-05,10,2,,,,,
Republic of Ireland,1,2003-06-05,1,0,,,,,
Republic of Korea,3,2003-06-05,3,0,,,,,
Romania,1,2003-06-05,1,0,,,,,
Russian Federation,1,2003-06-05,0,0,,,,,
Singapore,206,2003-06-05,165,31,,,,,
South Africa,1,2003-06-05,0,1,,,,,
Spain,1,2003-06-05,1,0,,,,,
Sweden,3,2003-06-05,3,0,,,,,
Switzerland,1,2003-06-05,1,0,,,,,
Thailand,8,2003-06-05,6,2,,,,,
United Kingdom,4,2003-06-05,4,0,,,,,
United States,69,2003-06-05,34,0,,,,,
Viet Nam,63,2003-06-05,58,5,,,,,
Total,8403,2003-06-05,5830,775,,,,,
Australia,5,2003-06-06,5,0,,,,,
Brazil,2,2003-06-06,2,0,,,,,
Canada,219,2003-06-06,120,31,,,,,
China,5329,2003-06-06,3869,338,,,,,
"China, Hong Kong Special Administrative Region^4",1750,2003-06-06,1350,286,,,,,
"China, Macao Special Administrative Region",1,2003-06-06,1,0,,,,,
"China, Taiwan",676,2003-06-06,257,81,,,,,
Colombia,1,2003-06-06,1,0,,,,,
Finland,1,2003-06-06,1,0,,,,,
France,7,2003-06-06,6,0,,,,,
Germany,10,2003-06-06,9,0,,,,,
India,3,2003-06-06,3,0,,,,,
Indonesia,2,2003-06-06,2,0,,,,,
Italy,9,2003-06-06,9,0,,,,,
Kuwait,1,2003-06-06,1,0,,,,,
Malaysia,5,2003-06-06,3,2,,,,,
Mongolia,9,2003-06-06,9,0,,,,,
New Zealand,1,2003-06-06,1,0,,,,,
Philippines,12,2003-06-06,10,2,,,,,
Republic of Ireland,1,2003-06-06,1,0,,,,,
Republic of Korea,3,2003-06-06,3,0,,,,,
Romania,1,2003-06-06,1,0,,,,,
Russian Federation,1,2003-06-06,0,0,,,,,
Singapore,206,2003-06-06,165,31,,,,,
South Africa,1,2003-06-06,0,1,,,,,
Spain,1,2003-06-06,1,0,,,,,
Sweden,3,2003-06-06,3,0,,,,,
Switzerland,1,2003-06-06,1,0,,,,,
Thailand,8,2003-06-06,6,2,,,,,
United Kingdom,4,2003-06-06,4,0,,,,,
United States,68,2003-06-06,35,0,,,,,
Viet Nam,63,2003-06-06,58,5,,,,,
Total,8404,2003-06-06,5937,779,,,,,
Australia,5,2003-06-09,5,0,,,,,
Brazil,2,2003-06-09,2,0,,,,,
Canada,229,2003-06-09,128,32,,,,,
China,5328,2003-06-09,4186,340,,,,,
"China, Hong Kong Special Administrative Region^5",1753,2003-06-09,1365,288,,,,,
"China, Macao Special Administrative Region",1,2003-06-09,1,0,,,,,
"China, Taiwan",680,2003-06-09,257,81,,,,,
Colombia,1,2003-06-09,1,0,,,,,
Finland,1,2003-06-09,1,0,,,,,
France,7,2003-06-09,6,0,,,,,
Germany,10,2003-06-09,9,0,,,,,
India,3,2003-06-09,3,0,,,,,
Indonesia,2,2003-06-09,2,0,,,,,
Italy,9,2003-06-09,9,0,,,,,
Kuwait,1,2003-06-09,1,0,,,,,
Malaysia,5,2003-06-09,3,2,,,,,
Mongolia,9,2003-06-09,9,0,,,,,
New Zealand,1,2003-06-09,1,0,,,,,
Philippines,12,2003-06-09,10,2,,,,,
Republic of Ireland,1,2003-06-09,1,0,,,,,
Republic of Korea,3,2003-06-09,3,0,,,,,
Romania,1,2003-06-09,1,0,,,,,
Russian Federation,1,2003-06-09,0,0,,,,,
Singapore,206,2003-06-09,168,31,,,,,
South Africa,1,2003-06-09,0,1,,,,,
Spain,1,2003-06-09,1,0,,,,,
Sweden,3,2003-06-09,3,0,,,,,
Switzerland,1,2003-06-09,1,0,,,,,
Thailand,9,2003-06-09,6,2,,,,,
United Kingdom,4,2003-06-09,4,0,,,,,
United States,68,2003-06-09,35,0,,,,,
Viet Nam,63,2003-06-09,58,5,,,,,
Total,8421,2003-06-09,6280,784,,,,,
Australia,5,2003-06-10,5,0,,,,,
Brazil,3,2003-06-10,2,0,,,,,
Canada,229,2003-06-10,131,32,,,,,
China,5328,2003-06-10,4294,343,,,,,
"China, Hong Kong Special Administrative Region^4",1754,2003-06-10,1368,290,,,,,
"China, Macao Special Administrative Region",1,2003-06-10,1,0,,,,,
"China, Taiwan",686,2003-06-10,319,81,,,,,
Colombia,1,2003-06-10,1,0,,,,,
Finland,1,2003-06-10,1,0,,,,,
France,7,2003-06-10,6,0,,,,,
Germany,10,2003-06-10,9,0,,,,,
India,3,2003-06-10,3,0,,,,,
Indonesia,2,2003-06-10,2,0,,,,,
Italy,9,2003-06-10,9,0,,,,,
Kuwait,1,2003-06-10,1,0,,,,,
Malaysia,5,2003-06-10,3,2,,,,,
Mongolia,9,2003-06-10,9,0,,,,,
New Zealand,1,2003-06-10,1,0,,,,,
Philippines,12,2003-06-10,10,2,,,,,
Republic of Ireland,1,2003-06-10,1,0,,,,,
Republic of Korea,3,2003-06-10,3,0,,,,,
Romania,1,2003-06-10,1,0,,,,,
Russian Federation,1,2003-06-10,0,0,,,,,
Singapore,206,2003-06-10,168,31,,,,,
South Africa,1,2003-06-10,0,1,,,,,
Spain,1,2003-06-10,1,0,,,,,
Sweden,3,2003-06-10,3,0,,,,,
Switzerland,1,2003-06-10,1,0,,,,,
Thailand,9,2003-06-10,6,2,,,,,
United Kingdom,4,2003-06-10,4,0,,,,,
United States,69,2003-06-10,36,0,,,,,
Viet Nam,63,2003-06-10,58,5,,,,,
Total,8430,2003-06-10,6457,789,,,,,
Australia,5,2003-06-11,5,0,,,,,
Brazil,3,2003-06-11,2,0,,,,,
Canada,230,2003-06-11,134,32,,,,,
China,5329,2003-06-11,4390,343,,,,,
"China, Hong Kong Special Administrative Region^4",1754,2003-06-11,1368,290,,,,,
"China, Macao Special Administrative Region",1,2003-06-11,1,0,,,,,
"China, Taiwan",687,2003-06-11,344,81,,,,,
Colombia,1,2003-06-11,1,0,,,,,
Finland,1,2003-06-11,1,0,,,,,
France,7,2003-06-11,6,0,,,,,
Germany,10,2003-06-11,9,0,,,,,
India,3,2003-06-11,3,0,,,,,
Indonesia,2,2003-06-11,2,0,,,,,
Italy,9,2003-06-11,9,0,,,,,
Kuwait,1,2003-06-11,1,0,,,,,
Malaysia,5,2003-06-11,3,2,,,,,
Mongolia,9,2003-06-11,9,0,,,,,
New Zealand,1,2003-06-11,1,0,,,,,
Philippines,12,2003-06-11,10,2,,,,,
Republic of Ireland,1,2003-06-11,1,0,,,,,
Republic of Korea,3,2003-06-11,3,0,,,,,
Romania,1,2003-06-11,1,0,,,,,
Russian Federation,1,2003-06-11,0,0,,,,,
Singapore,206,2003-06-11,168,31,,,,,
South Africa,1,2003-06-11,0,1,,,,,
Spain,1,2003-06-11,1,0,,,,,
Sweden,3,2003-06-11,3,0,,,,,
Switzerland,1,2003-06-11,1,0,,,,,
Thailand,9,2003-06-11,6,2,,,,,
United Kingdom,4,2003-06-11,4,0,,,,,
United States,71,2003-06-11,36,0,,,,,
Viet Nam,63,2003-06-11,58,5,,,,,
Total,8435,2003-06-11,6581,789,,,,,
Australia,5,2003-06-12,5,0,,,,,
Brazil,3,2003-06-12,2,0,,,,,
Canada,238,2003-06-12,141,32,,,,,
China,5328,2003-06-12,4457,343,,,,,
"China, Hong Kong Special Administrative Region^4",1755,2003-06-12,1377,291,,,,,
"China, Macao Special Administrative Region",1,2003-06-12,1,0,,,,,
"China, Taiwan",688,2003-06-12,347,81,,,,,
Colombia,1,2003-06-12,1,0,,,,,
Finland,1,2003-06-12,1,0,,,,,
France,7,2003-06-12,6,0,,,,,
Germany,10,2003-06-12,9,0,,,,,
India,3,2003-06-12,3,0,,,,,
Indonesia,2,2003-06-12,2,0,,,,,
Italy,9,2003-06-12,9,0,,,,,
Kuwait,1,2003-06-12,1,0,,,,,
Malaysia,5,2003-06-12,3,2,,,,,
Mongolia,9,2003-06-12,9,0,,,,,
New Zealand,1,2003-06-12,1,0,,,,,
Philippines,14,2003-06-12,12,2,,,,,
Republic of Ireland,1,2003-06-12,1,0,,,,,
Republic of Korea,3,2003-06-12,3,0,,,,,
Romania,1,2003-06-12,1,0,,,,,
Russian Federation,1,2003-06-12,0,0,,,,,
Singapore,206,2003-06-12,169,31,,,,,
South Africa,1,2003-06-12,0,1,,,,,
Spain,1,2003-06-12,1,0,,,,,
Sweden,3,2003-06-12,3,0,,,,,
Switzerland,1,2003-06-12,1,0,,,,,
Thailand,9,2003-06-12,6,2,,,,,
United Kingdom,4,2003-06-12,4,0,,,,,
United States,70,2003-06-12,36,0,,,,,
Viet Nam,63,2003-06-12,58,5,,,,,
Total,8445,2003-06-12,6670,790,,,,,
Australia,5,2003-06-13,5,0,,,,,
Brazil,3,2003-06-13,2,0,,,,,
Canada,242,2003-06-13,150,32,,,,,
China,5327,2003-06-13,4530,343,,,,,
"China, Hong Kong Special Administrative Region^4",1755,2003-06-13,1380,293,,,,,
"China, Macao Special Administrative Region",1,2003-06-13,1,0,,,,,
"China, Taiwan",693,2003-06-13,385,81,,,,,
Colombia,1,2003-06-13,1,0,,,,,
Finland,1,2003-06-13,1,0,,,,,
France,7,2003-06-13,6,0,,,,,
Germany,10,2003-06-13,9,0,,,,,
India,3,2003-06-13,3,0,,,,,
Indonesia,2,2003-06-13,2,0,,,,,
Italy,9,2003-06-13,9,0,,,,,
Kuwait,1,2003-06-13,1,0,,,,,
Malaysia,5,2003-06-13,3,2,,,,,
Mongolia,9,2003-06-13,9,0,,,,,
New Zealand,1,2003-06-13,1,0,,,,,
Philippines,14,2003-06-13,12,2,,,,,
Republic of Ireland,1,2003-06-13,1,0,,,,,
Republic of Korea,3,2003-06-13,3,0,,,,,
Romania,1,2003-06-13,1,0,,,,,
Russian Federation,1,2003-06-13,0,0,,,,,
Singapore,206,2003-06-13,169,31,,,,,
South Africa,1,2003-06-13,0,1,,,,,
Spain,1,2003-06-13,1,0,,,,,
Sweden,3,2003-06-13,3,0,,,,,
Switzerland,1,2003-06-13,1,0,,,,,
Thailand,9,2003-06-13,6,2,,,,,
United Kingdom,4,2003-06-13,4,0,,,,,
United States,71,2003-06-13,36,0,,,,,
Viet Nam,63,2003-06-13,58,5,,,,,
Total,8454,2003-06-13,6793,792,,,,,
Australia,5,2003-06-16,5,0,,,,,
Brazil,3,2003-06-16,2,0,,,,,
Canada,243,2003-06-16,156,32,,,,,
China,5326,2003-06-16,4656,346,,,,,
"China, Hong Kong Special Administrative Region^5",1755,2003-06-16,1386,295,,,,,
"China, Macao Special Administrative Region",1,2003-06-16,1,0,,,,,
"China, Taiwan",698,2003-06-16,443,83,,,,,
Colombia,1,2003-06-16,1,0,,,,,
Finland,1,2003-06-16,1,0,,,,,
France,7,2003-06-16,6,0,,,,,
Germany,10,2003-06-16,9,0,,,,,
India,3,2003-06-16,3,0,,,,,
Indonesia,2,2003-06-16,2,0,,,,,
Italy,9,2003-06-16,9,0,,,,,
Kuwait,1,2003-06-16,1,0,,,,,
Malaysia,5,2003-06-16,3,2,,,,,
Mongolia,9,2003-06-16,9,0,,,,,
New Zealand,1,2003-06-16,1,0,,,,,
Philippines,14,2003-06-16,12,2,,,,,
Republic of Ireland,1,2003-06-16,1,0,,,,,
Republic of Korea,3,2003-06-16,3,0,,,,,
Romania,1,2003-06-16,1,0,,,,,
Russian Federation,1,2003-06-16,0,0,,,,,
Singapore,206,2003-06-16,169,31,,,,,
South Africa,1,2003-06-16,0,1,,,,,
Spain,1,2003-06-16,1,0,,,,,
Sweden,3,2003-06-16,3,0,,,,,
Switzerland,1,2003-06-16,1,0,,,,,
Thailand,9,2003-06-16,6,2,,,,,
United Kingdom,4,2003-06-16,4,0,,,,,
United States,72,2003-06-16,36,0,,,,,
Viet Nam,63,2003-06-16,58,5,,,,,
Total,8460,2003-06-16,6989,799,,,,,
Australia,5,2003-06-17,5,0,,,,,
Brazil,3,2003-06-17,2,0,,,,,
Canada,247,2003-06-17,171,32,,,,,
China,5326,2003-06-17,4725,346,,,,,
"China, Hong Kong Special Administrative Region",1755,2003-06-17,1387,295,,,,,
"China, Macao Special Administrative Region",1,2003-06-17,1,0,,,,,
"China, Taiwan",697,2003-06-17,460,83,,,,,
Colombia,1,2003-06-17,1,0,,,,,
Finland,1,2003-06-17,1,0,,,,,
France,7,2003-06-17,6,0,,,,,
Germany,10,2003-06-17,9,0,,,,,
India,3,2003-06-17,3,0,,,,,
Indonesia,2,2003-06-17,2,0,,,,,
Italy,9,2003-06-17,9,0,,,,,
Kuwait,1,2003-06-17,1,0,,,,,
Malaysia,5,2003-06-17,3,2,,,,,
Mongolia,9,2003-06-17,9,0,,,,,
New Zealand,1,2003-06-17,1,0,,,,,
Philippines,14,2003-06-17,12,2,,,,,
Republic of Ireland,1,2003-06-17,1,0,,,,,
Republic of Korea,3,2003-06-17,3,0,,,,,
Romania,1,2003-06-17,1,0,,,,,
Russian Federation,1,2003-06-17,0,0,,,,,
Singapore,206,2003-06-17,169,31,,,,,
South Africa,1,2003-06-17,0,1,,,,,
Spain,1,2003-06-17,1,0,,,,,
Sweden,3,2003-06-17,3,0,,,,,
Switzerland,1,2003-06-17,1,0,,,,,
Thailand,9,2003-06-17,6,2,,,,,
United Kingdom,4,2003-06-17,4,0,,,,,
United States,73,2003-06-17,36,0,,,,,
Viet Nam,63,2003-06-17,58,5,,,,,
Total,8464,2003-06-17,7091,799,,,,,
Australia,5,2003-06-18,5,0,,,,,
Brazil,3,2003-06-18,2,0,,,,,
Canada,246,2003-06-18,176,33,,,,,
China,5326,2003-06-18,4762,347,,,,,
"China, Hong Kong Special Administrative Region^4",1755,2003-06-18,1393,295,,,,,
"China, Macao Special Administrative Region",1,2003-06-18,1,0,,,,,
"China, Taiwan",697,2003-06-18,469,83,,,,,
Colombia,1,2003-06-18,1,0,,,,,
Finland,1,2003-06-18,1,0,,,,,
France,7,2003-06-18,6,0,,,,,
Germany,10,2003-06-18,9,0,,,,,
India,3,2003-06-18,3,0,,,,,
Indonesia,2,2003-06-18,2,0,,,,,
Italy,9,2003-06-18,9,0,,,,,
Kuwait,1,2003-06-18,1,0,,,,,
Malaysia,5,2003-06-18,3,2,,,,,
Mongolia,9,2003-06-18,9,0,,,,,
New Zealand,1,2003-06-18,1,0,,,,,
Philippines,14,2003-06-18,12,2,,,,,
Republic of Ireland,1,2003-06-18,1,0,,,,,
Republic of Korea,3,2003-06-18,3,0,,,,,
Romania,1,2003-06-18,1,0,,,,,
Russian Federation,1,2003-06-18,0,0,,,,,
Singapore,206,2003-06-18,169,31,,,,,
South Africa,1,2003-06-18,0,1,,,,,
Spain,1,2003-06-18,1,0,,,,,
Sweden,3,2003-06-18,3,0,,,,,
Switzerland,1,2003-06-18,1,0,,,,,
Thailand,9,2003-06-18,6,2,,,,,
United Kingdom,4,2003-06-18,4,0,,,,,
United States,75,2003-06-18,36,0,,,,,
Viet Nam,63,2003-06-18,58,5,,,,,
Total,8465,2003-06-18,7148,801,,,,,
Australia,5,2003-06-19,5,0,,,,,
Brazil,3,2003-06-19,2,0,,,,,
Canada,245,2003-06-19,175,34,,,,,
China,5326,2003-06-19,4786,347,,,,,
"China, Hong Kong Special Administrative Region^4",1755,2003-06-19,1396,296,,,,,
"China, Macao Special Administrative Region",1,2003-06-19,1,0,,,,,
"China, Taiwan",695,2003-06-19,472,84,,,,,
Colombia,1,2003-06-19,1,0,,,,,
Finland,1,2003-06-19,1,0,,,,,
France,7,2003-06-19,6,0,,,,,
Germany,10,2003-06-19,9,0,,,,,
India,3,2003-06-19,3,0,,,,,
Indonesia,2,2003-06-19,2,0,,,,,
Italy,9,2003-06-19,9,0,,,,,
Kuwait,1,2003-06-19,1,0,,,,,
Malaysia,5,2003-06-19,3,2,,,,,
Mongolia,9,2003-06-19,9,0,,,,,
New Zealand,1,2003-06-19,1,0,,,,,
Philippines,14,2003-06-19,12,2,,,,,
Republic of Ireland,1,2003-06-19,1,0,,,,,
Republic of Korea,3,2003-06-19,3,0,,,,,
Romania,1,2003-06-19,1,0,,,,,
Russian Federation,1,2003-06-19,0,0,,,,,
Singapore,206,2003-06-19,170,31,,,,,
South Africa,1,2003-06-19,0,1,,,,,
Spain,1,2003-06-19,1,0,,,,,
Sweden,3,2003-06-19,3,0,,,,,
Switzerland,1,2003-06-19,1,0,,,,,
Thailand,9,2003-06-19,6,2,,,,,
United Kingdom,4,2003-06-19,4,0,,,,,
United States,75,2003-06-19,36,0,,,,,
Viet Nam,63,2003-06-19,58,5,,,,,
Total,8462,2003-06-19,7178,804,,,,,
Australia,5,2003-06-20,5,0,,,,,
Brazil,3,2003-06-20,2,0,,,,,
Canada,245,2003-06-20,180,34,,,,,
China,5326,2003-06-20,4806,347,,,,,
"China, Hong Kong Special Administrative Region^4",1755,2003-06-20,1403,296,,,,,
"China, Macao Special Administrative Region",1,2003-06-20,1,0,,,,,
"China, Taiwan",695,2003-06-20,480,84,,,,,
Colombia,1,2003-06-20,1,0,,,,,
Finland,1,2003-06-20,1,0,,,,,
France,7,2003-06-20,6,0,,,,,
Germany,10,2003-06-20,9,0,,,,,
India,3,2003-06-20,3,0,,,,,
Indonesia,2,2003-06-20,2,0,,,,,
Italy,9,2003-06-20,9,0,,,,,
Kuwait,1,2003-06-20,1,0,,,,,
Malaysia,5,2003-06-20,3,2,,,,,
Mongolia,9,2003-06-20,9,0,,,,,
New Zealand,1,2003-06-20,1,0,,,,,
Philippines,14,2003-06-20,12,2,,,,,
Republic of Ireland,1,2003-06-20,1,0,,,,,
Republic of Korea,3,2003-06-20,3,0,,,,,
Romania,1,2003-06-20,1,0,,,,,
Russian Federation,1,2003-06-20,0,0,,,,,
Singapore,206,2003-06-20,170,31,,,,,
South Africa,1,2003-06-20,0,1,,,,,
Spain,1,2003-06-20,1,0,,,,,
Sweden,3,2003-06-20,3,0,,,,,
Switzerland,1,2003-06-20,1,0,,,,,
Thailand,9,2003-06-20,6,2,,,,,
United Kingdom,4,2003-06-20,4,0,,,,,
United States,74,2003-06-20,36,0,,,,,
Viet Nam,63,2003-06-20,58,5,,,,,
Total,8461,2003-06-20,7218,804,,,,,
Australia,5,2003-06-23,5,0,,,,,
Brazil,3,2003-06-23,2,0,,,,,
Canada,246,2003-06-23,182,35,,,,,
China,5326,2003-06-23,4895,347,,,,,
"China, Hong Kong Special Administrative Region^5",1755,2003-06-23,1411,296,,,,,
"China, Macao Special Administrative Region",1,2003-06-23,1,0,,,,,
"China, Taiwan",692,2003-06-23,486,84,,,,,
Colombia,1,2003-06-23,1,0,,,,,
Finland,1,2003-06-23,1,0,,,,,
France,7,2003-06-23,6,0,,,,,
Germany,10,2003-06-23,9,0,,,,,
India,3,2003-06-23,3,0,,,,,
Indonesia,2,2003-06-23,2,0,,,,,
Italy,9,2003-06-23,9,0,,,,,
Kuwait,1,2003-06-23,1,0,,,,,
Malaysia,5,2003-06-23,3,2,,,,,
Mongolia,9,2003-06-23,9,0,,,,,
New Zealand,1,2003-06-23,1,0,,,,,
Philippines,14,2003-06-23,12,2,,,,,
Republic of Ireland,1,2003-06-23,1,0,,,,,
Republic of Korea,3,2003-06-23,3,0,,,,,
Romania,1,2003-06-23,1,0,,,,,
Russian Federation,1,2003-06-23,0,0,,,,,
Singapore,206,2003-06-23,170,31,,,,,
South Africa,1,2003-06-23,0,1,,,,,
Spain,1,2003-06-23,1,0,,,,,
Sweden,3,2003-06-23,3,0,,,,,
Switzerland,1,2003-06-23,1,0,,,,,
Thailand,9,2003-06-23,7,2,,,,,
United Kingdom,4,2003-06-23,4,0,,,,,
United States,74,2003-06-23,36,0,,,,,
Viet Nam,63,2003-06-23,58,5,,,,,
Total,8459,2003-06-23,7324,805,,,,,
Australia,5,2003-06-24,5,0,,,,,
Brazil,3,2003-06-24,2,0,,,,,
Canada,249,2003-06-24,188,37,,,,,
China,5326,2003-06-24,4901,347,,,,,
"China, Hong Kong Special Administrative Region^4",1755,2003-06-24,1417,296,,,,,
"China, Macao Special Administrative Region",1,2003-06-24,1,0,,,,,
"China, Taiwan",687,2003-06-24,492,84,,,,,
Colombia,1,2003-06-24,1,0,,,,,
Finland,1,2003-06-24,1,0,,,,,
France,7,2003-06-24,6,0,,,,,
Germany,10,2003-06-24,9,0,,,,,
India,3,2003-06-24,3,0,,,,,
Indonesia,2,2003-06-24,2,0,,,,,
Italy,9,2003-06-24,9,0,,,,,
Kuwait,1,2003-06-24,1,0,,,,,
Malaysia,5,2003-06-24,3,2,,,,,
Mongolia,9,2003-06-24,9,0,,,,,
New Zealand,1,2003-06-24,1,0,,,,,
Philippines,14,2003-06-24,12,2,,,,,
Republic of Ireland,1,2003-06-24,1,0,,,,,
Republic of Korea,3,2003-06-24,3,0,,,,,
Romania,1,2003-06-24,1,0,,,,,
Russian Federation,1,2003-06-24,0,0,,,,,
Singapore,206,2003-06-24,170,31,,,,,
South Africa,1,2003-06-24,0,1,,,,,
Spain,1,2003-06-24,1,0,,,,,
Sweden,3,2003-06-24,3,0,,,,,
Switzerland,1,2003-06-24,1,0,,,,,
Thailand,9,2003-06-24,7,2,,,,,
United Kingdom,4,2003-06-24,4,0,,,,,
United States,75,2003-06-24,36,0,,,,,
Viet Nam,63,2003-06-24,58,5,,,,,
Total,8458,2003-06-24,7348,807,,,,,
Australia,5,2003-06-25,5,0,,,,,
Brazil,3,2003-06-25,2,0,,,,,
Canada,250,2003-06-25,188,37,,,,,
China,5327,2003-06-25,4916,348,,,,,
"China, Hong Kong Special Administrative Region^6",1755,2003-06-25,1419,296,,,,,
"China, Macao Special Administrative Region",1,2003-06-25,1,0,,,,,
"China, Taiwan",686,2003-06-25,492,84,,,,,
Colombia,1,2003-06-25,1,0,,,,,
Finland,1,2003-06-25,1,0,,,,,
France,7,2003-06-25,6,0,,,,,
Germany,10,2003-06-25,9,0,,,,,
India,3,2003-06-25,3,0,,,,,
Indonesia,2,2003-06-25,2,0,,,,,
Italy,9,2003-06-25,9,0,,,,,
Japan,1,2003-06-25,0,0,,,,,
Kuwait,1,2003-06-25,1,0,,,,,
Malaysia,5,2003-06-25,3,2,,,,,
Mongolia,9,2003-06-25,9,0,,,,,
New Zealand,1,2003-06-25,1,0,,,,,
Philippines,14,2003-06-25,12,2,,,,,
Republic of Ireland,1,2003-06-25,1,0,,,,,
Republic of Korea,3,2003-06-25,3,0,,,,,
Romania,1,2003-06-25,1,0,,,,,
Russian Federation,1,2003-06-25,0,0,,,,,
Singapore,206,2003-06-25,170,31,,,,,
South Africa,1,2003-06-25,0,1,,,,,
Spain,1,2003-06-25,1,0,,,,,
Sweden,3,2003-06-25,3,0,,,,,
Switzerland,1,2003-06-25,1,0,,,,,
Thailand,9,2003-06-25,7,2,,,,,
United Kingdom,4,2003-06-25,4,0,,,,,
United States,75,2003-06-25,36,0,,,,,
Viet Nam,63,2003-06-25,58,5,,,,,
Total,8460,2003-06-25,7365,808,,,,,
Australia,5,2003-06-26,5,0,,,,,
Brazil,3,2003-06-26,2,0,,,,,
Canada,251,2003-06-26,190,37,,,,,
China,5327,2003-06-26,4921,348,,,,,
"China, Hong Kong Special Administrative Region^6",1755,2003-06-26,1419,296,,,,,
"China, Macao Special Administrative Region",1,2003-06-26,1,0,,,,,
"China, Taiwan",682,2003-06-26,491,84,,,,,
Colombia,1,2003-06-26,1,0,,,,,
Finland,1,2003-06-26,1,0,,,,,
France,7,2003-06-26,6,0,,,,,
Germany,10,2003-06-26,9,0,,,,,
India,3,2003-06-26,3,0,,,,,
Indonesia,2,2003-06-26,2,0,,,,,
Italy,9,2003-06-26,9,0,,,,,
Japan,1,2003-06-26,0,0,,,,,
Kuwait,1,2003-06-26,1,0,,,,,
Malaysia,5,2003-06-26,3,2,,,,,
Mongolia,9,2003-06-26,9,0,,,,,
New Zealand,1,2003-06-26,1,0,,,,,
Philippines,14,2003-06-26,12,2,,,,,
Republic of Ireland,1,2003-06-26,1,0,,,,,
Republic of Korea,3,2003-06-26,3,0,,,,,
Romania,1,2003-06-26,1,0,,,,,
Russian Federation,1,2003-06-26,0,0,,,,,
Singapore,206,2003-06-26,170,32,,,,,
South Africa,1,2003-06-26,0,1,,,,,
Spain,1,2003-06-26,1,0,,,,,
Sweden,3,2003-06-26,3,0,,,,,
Switzerland,1,2003-06-26,1,0,,,,,
Thailand,9,2003-06-26,7,2,,,,,
United Kingdom,4,2003-06-26,4,0,,,,,
United States,74,2003-06-26,36,0,,,,,
Viet Nam,63,2003-06-26,58,5,,,,,
Total,8456,2003-06-26,7371,809,,,,,
Australia,5,2003-06-27,5,0,,,,,
Brazil,3,2003-06-27,2,0,,,,,
Canada,251,2003-06-27,191,37,,,,,
China,5327,2003-06-27,4921,348,,,,,
"China, Hong Kong Special Administrative Region^6",1755,2003-06-27,1422,297,,,,,
"China, Macao Special Administrative Region",1,2003-06-27,1,0,,,,,
"China, Taiwan",681,2003-06-27,492,84,,,,,
Colombia,1,2003-06-27,1,0,,,,,
Finland,1,2003-06-27,1,0,,,,,
France,7,2003-06-27,6,0,,,,,
Germany,10,2003-06-27,9,0,,,,,
India,3,2003-06-27,3,0,,,,,
Indonesia,2,2003-06-27,2,0,,,,,
Italy,5,2003-06-27,5,0,,,,,
Kuwait,1,2003-06-27,1,0,,,,,
Malaysia,5,2003-06-27,3,2,,,,,
Mongolia,9,2003-06-27,9,0,,,,,
New Zealand,1,2003-06-27,1,0,,,,,
Philippines,14,2003-06-27,12,2,,,,,
Republic of Ireland,1,2003-06-27,1,0,,,,,
Republic of Korea,3,2003-06-27,3,0,,,,,
Romania,1,2003-06-27,1,0,,,,,
Russian Federation,1,2003-06-27,0,0,,,,,
Singapore,206,2003-06-27,171,32,,,,,
South Africa,1,2003-06-27,0,1,,,,,
Spain,1,2003-06-27,1,0,,,,,
Sweden,3,2003-06-27,3,0,,,,,
Switzerland,1,2003-06-27,1,0,,,,,
Thailand,9,2003-06-27,7,2,,,,,
United Kingdom,4,2003-06-27,4,0,,,,,
United States,74,2003-06-27,64,0,,,,,
Viet Nam,63,2003-06-27,58,5,,,,,
Total,8450,2003-06-27,7401,810,,,,,
Australia,5,2003-06-30,5,0,,,,,
Brazil,3,2003-06-30,2,0,,,,,
Canada,252,2003-06-30,192,37,,,,,
China,5327,2003-06-30,4927,348,,,,,
"China, Hong Kong Special Administrative Region^6",1755,2003-06-30,1429,298,,,,,
"China, Macao Special Administrative Region",1,2003-06-30,1,0,,,,,
"China, Taiwan",678,2003-06-30,495,84,,,,,
Colombia,1,2003-06-30,1,0,,,,,
Finland,1,2003-06-30,1,0,,,,,
France,7,2003-06-30,6,0,,,,,
Germany,10,2003-06-30,9,0,,,,,
India,3,2003-06-30,3,0,,,,,
Indonesia,2,2003-06-30,2,0,,,,,
Italy,5,2003-06-30,5,0,,,,,
Kuwait,1,2003-06-30,1,0,,,,,
Malaysia,5,2003-06-30,3,2,,,,,
Mongolia,9,2003-06-30,9,0,,,,,
New Zealand,1,2003-06-30,1,0,,,,,
Philippines,14,2003-06-30,12,2,,,,,
Republic of Ireland,1,2003-06-30,1,0,,,,,
Republic of Korea,3,2003-06-30,3,0,,,,,
Romania,1,2003-06-30,1,0,,,,,
Russian Federation,1,2003-06-30,0,0,,,,,
Singapore,206,2003-06-30,171,32,,,,,
South Africa,1,2003-06-30,0,1,,,,,
Spain,1,2003-06-30,1,0,,,,,
Sweden,3,2003-06-30,3,0,,,,,
Switzerland,1,2003-06-30,1,0,,,,,
Thailand,9,2003-06-30,7,2,,,,,
United Kingdom,4,2003-06-30,4,0,,,,,
United States,73,2003-06-30,63,0,,,,,
Viet Nam,63,2003-06-30,58,5,,,,,
Total,8447,2003-06-30,7417,811,,,,,
Australia,5,2003-07-01,5,0,,,,,
Brazil,1,2003-07-01,1,0,,,,,
Canada,252,2003-07-01,192,38,,,,,
China,5327,2003-07-01,4930,348,,,,,
"China, Hong Kong Special Administrative Region^6",1755,2003-07-01,1429,298,,,,,
"China, Macao Special Administrative Region",1,2003-07-01,1,0,,,,,
"China, Taiwan",678,2003-07-01,498,84,,,,,
Colombia,1,2003-07-01,1,0,,,,,
Finland,1,2003-07-01,1,0,,,,,
France,7,2003-07-01,6,0,,,,,
Germany,10,2003-07-01,9,0,,,,,
India,3,2003-07-01,3,0,,,,,
Indonesia,2,2003-07-01,2,0,,,,,
Italy,5,2003-07-01,5,0,,,,,
Kuwait,1,2003-07-01,1,0,,,,,
Malaysia,5,2003-07-01,3,2,,,,,
Mongolia,9,2003-07-01,9,0,,,,,
New Zealand,1,2003-07-01,1,0,,,,,
Philippines,14,2003-07-01,12,2,,,,,
Republic of Ireland,1,2003-07-01,1,0,,,,,
Republic of Korea,3,2003-07-01,3,0,,,,,
Romania,1,2003-07-01,1,0,,,,,
Russian Federation,1,2003-07-01,0,0,,,,,
Singapore,206,2003-07-01,171,32,,,,,
South Africa,1,2003-07-01,0,1,,,,,
Spain,1,2003-07-01,1,0,,,,,
Sweden,3,2003-07-01,3,0,,,,,
Switzerland,1,2003-07-01,1,0,,,,,
Thailand,9,2003-07-01,7,2,,,,,
United Kingdom,4,2003-07-01,4,0,,,,,
United States,73,2003-07-01,63,0,,,,,
Viet Nam,63,2003-07-01,58,5,,,,,
Total,8445,2003-07-01,7422,812,,,,,
Australia,5,2003-07-02,5,0,,,,,
Brazil,1,2003-07-02,1,0,,,,,
Canada,252,2003-07-02,192,38,,,,,
China,5327,2003-07-02,4933,348,,,,,
"China, Hong Kong Special Administrative Region^6",1755,2003-07-02,1429,298,,,,,
"China, Macao Special Administrative Region",1,2003-07-02,1,0,,,,,
"China, Taiwan",676,2003-07-02,498,84,,,,,
Colombia,1,2003-07-02,1,0,,,,,
Finland,1,2003-07-02,1,0,,,,,
France,7,2003-07-02,6,0,,,,,
Germany,10,2003-07-02,9,0,,,,,
India,3,2003-07-02,3,0,,,,,
Indonesia,2,2003-07-02,2,0,,,,,
Italy,4,2003-07-02,4,0,,,,,
Kuwait,1,2003-07-02,1,0,,,,,
Malaysia,5,2003-07-02,3,2,,,,,
Mongolia,9,2003-07-02,9,0,,,,,
New Zealand,1,2003-07-02,1,0,,,,,
Philippines,14,2003-07-02,12,2,,,,,
Republic of Ireland,1,2003-07-02,1,0,,,,,
Republic of Korea,3,2003-07-02,3,0,,,,,
Romania,1,2003-07-02,1,0,,,,,
Russian Federation,1,2003-07-02,0,0,,,,,
Singapore,206,2003-07-02,171,32,,,,,
South Africa,1,2003-07-02,0,1,,,,,
Spain,1,2003-07-02,1,0,,,,,
Sweden,3,2003-07-02,3,0,,,,,
Switzerland,1,2003-07-02,1,0,,,,,
Thailand,9,2003-07-02,7,2,,,,,
United Kingdom,4,2003-07-02,4,0,,,,,
United States,73,2003-07-02,63,0,,,,,
Viet Nam,63,2003-07-02,58,5,,,,,
Total,8442,2003-07-02,7424,812,,,,,
Australia,5,2003-07-03,5,0,,,,,
Brazil,1,2003-07-03,1,0,,,,,
Canada,251,2003-07-03,193,38,,,,,
China,5327,2003-07-03,4933,348,,,,,
"China, Hong Kong Special Administrative Region^6",1755,2003-07-03,1429,298,,,,,
"China, Macao Special Administrative Region",1,2003-07-03,1,0,,,,,
"China, Taiwan",674,2003-07-03,498,84,,,,,
Colombia,1,2003-07-03,1,0,,,,,
Finland,1,2003-07-03,1,0,,,,,
France,7,2003-07-03,6,0,,,,,
Germany,10,2003-07-03,9,0,,,,,
India,3,2003-07-03,3,0,,,,,
Indonesia,2,2003-07-03,2,0,,,,,
Italy,4,2003-07-03,4,0,,,,,
Kuwait,1,2003-07-03,1,0,,,,,
Malaysia,5,2003-07-03,3,2,,,,,
Mongolia,9,2003-07-03,9,0,,,,,
New Zealand,1,2003-07-03,1,0,,,,,
Philippines,14,2003-07-03,12,2,,,,,
Republic of Ireland,1,2003-07-03,1,0,,,,,
Republic of Korea,3,2003-07-03,3,0,,,,,
Romania,1,2003-07-03,1,0,,,,,
Russian Federation,1,2003-07-03,0,0,,,,,
Singapore,206,2003-07-03,171,32,,,,,
South Africa,1,2003-07-03,0,1,,,,,
Spain,1,2003-07-03,1,0,,,,,
Sweden,3,2003-07-03,3,0,,,,,
Switzerland,1,2003-07-03,1,0,,,,,
Thailand,9,2003-07-03,7,2,,,,,
United Kingdom,4,2003-07-03,4,0,,,,,
United States,73,2003-07-03,65,0,,,,,
Viet Nam,63,2003-07-03,58,5,,,,,
Total,8439,2003-07-03,7427,812,,,,,
Australia,5,2003-07-04,5,0,,,,,
Brazil,1,2003-07-04,1,0,,,,,
Canada,251,2003-07-04,193,38,,,,,
China,5327,2003-07-04,4934,348,,,,,
"China, Hong Kong Special Administrative Region^6",1755,2003-07-04,1430,298,,,,,
"China, Macao Special Administrative Region",1,2003-07-04,1,0,,,,,
"China, Taiwan",674,2003-07-04,500,84,,,,,
Colombia,1,2003-07-04,1,0,,,,,
Finland,1,2003-07-04,1,0,,,,,
France,7,2003-07-04,6,0,,,,,
Germany,10,2003-07-04,9,0,,,,,
India,3,2003-07-04,3,0,,,,,
Indonesia,2,2003-07-04,2,0,,,,,
Italy,4,2003-07-04,4,0,,,,,
Kuwait,1,2003-07-04,1,0,,,,,
Malaysia,5,2003-07-04,3,2,,,,,
Mongolia,9,2003-07-04,9,0,,,,,
New Zealand,1,2003-07-04,1,0,,,,,
Philippines,14,2003-07-04,12,2,,,,,
Republic of Ireland,1,2003-07-04,1,0,,,,,
Republic of Korea,3,2003-07-04,3,0,,,,,
Romania,1,2003-07-04,1,0,,,,,
Russian Federation,1,2003-07-04,0,0,,,,,
Singapore,206,2003-07-04,171,32,,,,,
South Africa,1,2003-07-04,0,1,,,,,
Spain,1,2003-07-04,1,0,,,,,
Sweden,3,2003-07-04,3,0,,,,,
Switzerland,1,2003-07-04,1,0,,,,,
Thailand,9,2003-07-04,7,2,,,,,
United Kingdom,4,2003-07-04,4,0,,,,,
United States,73,2003-07-04,65,0,,,,,
Viet Nam,63,2003-07-04,58,5,,,,,
Total,8439,2003-07-04,7431,812,,,,,
Australia,5,2003-07-07,5,0,,,,,
Brazil,1,2003-07-07,1,0,,,,,
Canada,251,2003-07-07,193,38,,,,,
China,5327,2003-07-07,4934,348,,,,,
"China, Hong Kong Special Administrative Region^6",1755,2003-07-07,1430,298,,,,,
"China, Macao Special Administrative Region",1,2003-07-07,1,0,,,,,
"China, Taiwan",674,2003-07-07,500,84,,,,,
Colombia,1,2003-07-07,1,0,,,,,
Finland,1,2003-07-07,1,0,,,,,
France,7,2003-07-07,6,0,,,,,
Germany,10,2003-07-07,9,0,,,,,
India,3,2003-07-07,3,0,,,,,
Indonesia,2,2003-07-07,2,0,,,,,
Italy,4,2003-07-07,4,0,,,,,
Kuwait,1,2003-07-07,1,0,,,,,
Malaysia,5,2003-07-07,3,2,,,,,
Mongolia,9,2003-07-07,9,0,,,,,
New Zealand,1,2003-07-07,1,0,,,,,
Philippines,14,2003-07-07,12,2,,,,,
Republic of Ireland,1,2003-07-07,1,0,,,,,
Republic of Korea,3,2003-07-07,3,0,,,,,
Romania,1,2003-07-07,1,0,,,,,
Russian Federation,1,2003-07-07,0,0,,,,,
Singapore,206,2003-07-07,171,32,,,,,
South Africa,1,2003-07-07,0,1,,,,,
Spain,1,2003-07-07,1,0,,,,,
Sweden,3,2003-07-07,3,0,,,,,
Switzerland,1,2003-07-07,1,0,,,,,
Thailand,9,2003-07-07,7,2,,,,,
United Kingdom,4,2003-07-07,4,0,,,,,
United States,73,2003-07-07,65,0,,,,,
Viet Nam,63,2003-07-07,58,5,,,,,
Total,8439,2003-07-07,7431,812,,,,,
Australia,5,2003-07-08,5,0,,,,,
Brazil,1,2003-07-08,1,0,,,,,
Canada,250,2003-07-08,194,38,,,,,
China,5327,2003-07-08,4934,348,,,,,
"China, Hong Kong Special Administrative Region^6",1755,2003-07-08,1430,298,,,,,
"China, Macao Special Administrative Region",1,2003-07-08,1,0,,,,,
"China, Taiwan",671,2003-07-08,502,84,,,,,
Colombia,1,2003-07-08,1,0,,,,,
Finland,1,2003-07-08,1,0,,,,,
France,7,2003-07-08,6,0,,,,,
Germany,10,2003-07-08,9,0,,,,,
India,3,2003-07-08,3,0,,,,,
Indonesia,2,2003-07-08,2,0,,,,,
Italy,4,2003-07-08,4,0,,,,,
Kuwait,1,2003-07-08,1,0,,,,,
Malaysia,5,2003-07-08,3,2,,,,,
Mongolia,9,2003-07-08,9,0,,,,,
New Zealand,1,2003-07-08,1,0,,,,,
Philippines,14,2003-07-08,12,2,,,,,
Republic of Ireland,1,2003-07-08,1,0,,,,,
Republic of Korea,3,2003-07-08,3,0,,,,,
Romania,1,2003-07-08,1,0,,,,,
Russian Federation,1,2003-07-08,0,0,,,,,
Singapore,206,2003-07-08,171,32,,,,,
South Africa,1,2003-07-08,0,1,,,,,
Spain,1,2003-07-08,1,0,,,,,
Sweden,3,2003-07-08,3,0,,,,,
Switzerland,1,2003-07-08,1,0,,,,,
Thailand,9,2003-07-08,7,2,,,,,
United Kingdom,4,2003-07-08,4,0,,,,,
United States,74,2003-07-08,64,0,,,,,
Viet Nam,63,2003-07-08,58,5,,,,,
Total,8436,2003-07-08,7433,812,,,,,
Australia,5,2003-07-09,5,0,,,,,
Brazil,1,2003-07-09,1,0,,,,,
Canada,249,2003-07-09,193,38,,,,,
China,5327,2003-07-09,4939,348,,,,,
"China, Hong Kong Special Administrative Region^6",1755,2003-07-09,1431,298,,,,,
"China, Macao Special Administrative Region",1,2003-07-09,1,0,,,,,
"China, Taiwan",671,2003-07-09,504,84,,,,,
Colombia,1,2003-07-09,1,0,,,,,
Finland,1,2003-07-09,1,0,,,,,
France,7,2003-07-09,6,0,,,,,
Germany,10,2003-07-09,9,0,,,,,
India,3,2003-07-09,3,0,,,,,
Indonesia,2,2003-07-09,2,0,,,,,
Italy,4,2003-07-09,4,0,,,,,
Kuwait,1,2003-07-09,1,0,,,,,
Malaysia,5,2003-07-09,3,2,,,,,
Mongolia,9,2003-07-09,9,0,,,,,
New Zealand,1,2003-07-09,1,0,,,,,
Philippines,14,2003-07-09,12,2,,,,,
Republic of Ireland,1,2003-07-09,1,0,,,,,
Republic of Korea,3,2003-07-09,3,0,,,,,
Romania,1,2003-07-09,1,0,,,,,
Russian Federation,1,2003-07-09,0,0,,,,,
Singapore,206,2003-07-09,171,32,,,,,
South Africa,1,2003-07-09,0,1,,,,,
Spain,1,2003-07-09,1,0,,,,,
Sweden,3,2003-07-09,3,0,,,,,
Switzerland,1,2003-07-09,1,0,,,,,
Thailand,9,2003-07-09,7,2,,,,,
United Kingdom,4,2003-07-09,4,0,,,,,
United States,75,2003-07-09,67,0,,,,,
Viet Nam,63,2003-07-09,58,5,,,,,
Total,8436,2003-07-09,7443,812,,,,,
Australia,5,2003-07-10,5,0,,,,,
Brazil,1,2003-07-10,1,0,,,,,
Canada,250,2003-07-10,194,38,,,,,
China,5327,2003-07-10,4941,348,,,,,
"China, Hong Kong Special Administrative Region^6",1755,2003-07-10,1431,298,,,,,
"China, Macao Special Administrative Region",1,2003-07-10,1,0,,,,,
"China, Taiwan",671,2003-07-10,506,84,,,,,
Colombia,1,2003-07-10,1,0,,,,,
Finland,1,2003-07-10,1,0,,,,,
France,7,2003-07-10,6,0,,,,,
Germany,10,2003-07-10,9,0,,,,,
India,3,2003-07-10,3,0,,,,,
Indonesia,2,2003-07-10,2,0,,,,,
Italy,4,2003-07-10,4,0,,,,,
Kuwait,1,2003-07-10,1,0,,,,,
Malaysia,5,2003-07-10,3,2,,,,,
Mongolia,9,2003-07-10,9,0,,,,,
New Zealand,1,2003-07-10,1,0,,,,,
Philippines,14,2003-07-10,12,2,,,,,
Republic of Ireland,1,2003-07-10,1,0,,,,,
Republic of Korea,3,2003-07-10,3,0,,,,,
Romania,1,2003-07-10,1,0,,,,,
Russian Federation,1,2003-07-10,0,0,,,,,
Singapore,206,2003-07-10,172,32,,,,,
South Africa,1,2003-07-10,0,1,,,,,
Spain,1,2003-07-10,1,0,,,,,
Sweden,3,2003-07-10,3,0,,,,,
Switzerland,1,2003-07-10,1,0,,,,,
Thailand,9,2003-07-10,7,2,,,,,
United Kingdom,4,2003-07-10,4,0,,,,,
United States,75,2003-07-10,67,0,,,,,
Viet Nam,63,2003-07-10,58,5,,,,,
Total,8437,2003-07-10,7449,812,,,,,
Australia,5,2003-07-11,5,0,,,,,
Brazil,1,2003-07-11,1,0,,,,,
Canada,250,2003-07-11,194,38,,,,,
China,5327,2003-07-11,4941,348,,,,,
"China, Hong Kong Special Administrative Region^6",1755,2003-07-11,1433,298,,,,,
"China, Macao Special Administrative Region",1,2003-07-11,1,0,,,,,
"China, Taiwan",671,2003-07-11,507,84,,,,,
Colombia,1,2003-07-11,1,0,,,,,
Finland,1,2003-07-11,1,0,,,,,
France,7,2003-07-11,6,1,,,,,
Germany,10,2003-07-11,9,0,,,,,
India,3,2003-07-11,3,0,,,,,
Indonesia,2,2003-07-11,2,0,,,,,
Italy,4,2003-07-11,4,0,,,,,
Kuwait,1,2003-07-11,1,0,,,,,
Malaysia,5,2003-07-11,3,2,,,,,
Mongolia,9,2003-07-11,9,0,,,,,
New Zealand,1,2003-07-11,1,0,,,,,
Philippines,14,2003-07-11,12,2,,,,,
Republic of Ireland,1,2003-07-11,1,0,,,,,
Republic of Korea,3,2003-07-11,3,0,,,,,
Romania,1,2003-07-11,1,0,,,,,
Russian Federation,1,2003-07-11,0,0,,,,,
Singapore,206,2003-07-11,172,32,,,,,
South Africa,1,2003-07-11,0,1,,,,,
Spain,1,2003-07-11,1,0,,,,,
Sweden,3,2003-07-11,3,0,,,,,
Switzerland,1,2003-07-11,1,0,,,,,
Thailand,9,2003-07-11,7,2,,,,,
United Kingdom,4,2003-07-11,4,0,,,,,
United States,75,2003-07-11,67,0,,,,,
Viet Nam,63,2003-07-11,58,5,,,,,
Total,8437,2003-07-11,7452,813,,,,,
